--
-- PostgreSQL database dump
--

-- Dumped from database version 14.2
-- Dumped by pg_dump version 14.1

-- Started on 2022-03-22 02:49:56 UTC

SET statement_timeout = 0;
SET lock_timeout = 0;
SET idle_in_transaction_session_timeout = 0;
SET client_encoding = 'UTF8';
SET standard_conforming_strings = on;
SELECT pg_catalog.set_config('search_path', '', false);
SET check_function_bodies = false;
SET xmloption = content;
SET client_min_messages = warning;
SET row_security = off;

--
-- TOC entry 836 (class 1247 OID 16386)
-- Name: friendship_status_enum; Type: TYPE; Schema: public; Owner: pong
--

CREATE TYPE public.friendship_status_enum AS ENUM (
    'accepted',
    'pending'
);


ALTER TYPE public.friendship_status_enum OWNER TO pong;

--
-- TOC entry 839 (class 1247 OID 16392)
-- Name: user_channel_role_enum; Type: TYPE; Schema: public; Owner: pong
--

CREATE TYPE public.user_channel_role_enum AS ENUM (
    'admin',
    'user'
);


ALTER TYPE public.user_channel_role_enum OWNER TO pong;

SET default_tablespace = '';

SET default_table_access_method = heap;

--
-- TOC entry 209 (class 1259 OID 16397)
-- Name: avatar; Type: TABLE; Schema: public; Owner: pong
--

CREATE TABLE public.avatar (
    "userId" integer NOT NULL,
    filename character varying NOT NULL,
    mimetype character varying NOT NULL,
    data bytea NOT NULL
);


ALTER TABLE public.avatar OWNER TO pong;

--
-- TOC entry 210 (class 1259 OID 16402)
-- Name: blocked; Type: TABLE; Schema: public; Owner: pong
--

CREATE TABLE public.blocked (
    "applicantId" integer NOT NULL,
    "recipientId" integer NOT NULL,
    "createdAt" timestamp with time zone DEFAULT now() NOT NULL,
    CONSTRAINT "CHK_732bf9de1d3591f54547d90ecb" CHECK (("applicantId" <> "recipientId"))
);


ALTER TABLE public.blocked OWNER TO pong;

--
-- TOC entry 211 (class 1259 OID 16407)
-- Name: channel; Type: TABLE; Schema: public; Owner: pong
--

CREATE TABLE public.channel (
    id integer NOT NULL,
    "isDm" boolean NOT NULL,
    title text NOT NULL,
    password text,
    "createdAt" timestamp with time zone DEFAULT now() NOT NULL,
    "ownerId" integer
);


ALTER TABLE public.channel OWNER TO pong;

--
-- TOC entry 212 (class 1259 OID 16413)
-- Name: channel_id_seq; Type: SEQUENCE; Schema: public; Owner: pong
--

CREATE SEQUENCE public.channel_id_seq
    AS integer
    START WITH 1
    INCREMENT BY 1
    NO MINVALUE
    NO MAXVALUE
    CACHE 1;


ALTER TABLE public.channel_id_seq OWNER TO pong;

--
-- TOC entry 3446 (class 0 OID 0)
-- Dependencies: 212
-- Name: channel_id_seq; Type: SEQUENCE OWNED BY; Schema: public; Owner: pong
--

ALTER SEQUENCE public.channel_id_seq OWNED BY public.channel.id;


--
-- TOC entry 213 (class 1259 OID 16414)
-- Name: friendship; Type: TABLE; Schema: public; Owner: pong
--

CREATE TABLE public.friendship (
    "applicantId" integer NOT NULL,
    "recipientId" integer NOT NULL,
    status public.friendship_status_enum DEFAULT 'pending'::public.friendship_status_enum NOT NULL,
    "createdAt" timestamp with time zone DEFAULT now() NOT NULL,
    CONSTRAINT "CHK_ac3b3c200d186e7e536ce4521b" CHECK (("applicantId" <> "recipientId"))
);


ALTER TABLE public.friendship OWNER TO pong;

--
-- TOC entry 214 (class 1259 OID 16420)
-- Name: game; Type: TABLE; Schema: public; Owner: pong
--

CREATE TABLE public.game (
    id integer NOT NULL,
    "winnerScore" integer NOT NULL,
    "looserScore" integer NOT NULL,
    "createdAt" timestamp with time zone DEFAULT now() NOT NULL,
    "looserId" integer,
    "winnerId" integer,
    CONSTRAINT "CHK_0756be2e801db4ccd2f3b6a017" CHECK (("winnerId" <> "looserId"))
);


ALTER TABLE public.game OWNER TO pong;

--
-- TOC entry 215 (class 1259 OID 16425)
-- Name: game_id_seq; Type: SEQUENCE; Schema: public; Owner: pong
--

CREATE SEQUENCE public.game_id_seq
    AS integer
    START WITH 1
    INCREMENT BY 1
    NO MINVALUE
    NO MAXVALUE
    CACHE 1;


ALTER TABLE public.game_id_seq OWNER TO pong;

--
-- TOC entry 3447 (class 0 OID 0)
-- Dependencies: 215
-- Name: game_id_seq; Type: SEQUENCE OWNED BY; Schema: public; Owner: pong
--

ALTER SEQUENCE public.game_id_seq OWNED BY public.game.id;


--
-- TOC entry 216 (class 1259 OID 16426)
-- Name: message; Type: TABLE; Schema: public; Owner: pong
--

CREATE TABLE public.message (
    id integer NOT NULL,
    content text NOT NULL,
    "createdAt" timestamp with time zone DEFAULT now() NOT NULL,
    "channelId" integer,
    "userId" integer
);


ALTER TABLE public.message OWNER TO pong;

--
-- TOC entry 217 (class 1259 OID 16432)
-- Name: message_id_seq; Type: SEQUENCE; Schema: public; Owner: pong
--

CREATE SEQUENCE public.message_id_seq
    AS integer
    START WITH 1
    INCREMENT BY 1
    NO MINVALUE
    NO MAXVALUE
    CACHE 1;


ALTER TABLE public.message_id_seq OWNER TO pong;

--
-- TOC entry 3448 (class 0 OID 0)
-- Dependencies: 217
-- Name: message_id_seq; Type: SEQUENCE OWNED BY; Schema: public; Owner: pong
--

ALTER SEQUENCE public.message_id_seq OWNED BY public.message.id;


--
-- TOC entry 218 (class 1259 OID 16433)
-- Name: stats; Type: TABLE; Schema: public; Owner: pong
--

CREATE TABLE public.stats (
    "userId" integer NOT NULL,
    xp integer DEFAULT 0 NOT NULL,
    victories integer DEFAULT 0 NOT NULL,
    losses integer DEFAULT 0 NOT NULL,
    CONSTRAINT "CHK_adfd86107a516a476bf6faa77f" CHECK ((victories >= 0)),
    CONSTRAINT "CHK_e59446df59ee39832f7d44a879" CHECK ((xp >= 0)),
    CONSTRAINT "CHK_ea77d62bbffd22d4071eb57490" CHECK ((losses >= 0))
);


ALTER TABLE public.stats OWNER TO pong;

--
-- TOC entry 219 (class 1259 OID 16442)
-- Name: typeorm_metadata; Type: TABLE; Schema: public; Owner: pong
--

CREATE TABLE public.typeorm_metadata (
    type character varying NOT NULL,
    database character varying,
    schema character varying,
    "table" character varying,
    name character varying,
    value text
);


ALTER TABLE public.typeorm_metadata OWNER TO pong;

--
-- TOC entry 220 (class 1259 OID 16447)
-- Name: user; Type: TABLE; Schema: public; Owner: pong
--

CREATE TABLE public."user" (
    id integer NOT NULL,
    email character varying NOT NULL,
    username character varying NOT NULL,
    password character varying,
    "createdAt" timestamp with time zone DEFAULT now() NOT NULL,
    "twoFaEnabled" boolean DEFAULT false NOT NULL,
    "twoFaSecret" text,
    "googleSub" text,
    "fortyTwoSub" text,
    "refreshToken" text,
    "googleRefreshToken" text,
    "fortyTwoRefreshToken" text
);


ALTER TABLE public."user" OWNER TO pong;

--
-- TOC entry 221 (class 1259 OID 16454)
-- Name: user_channel; Type: TABLE; Schema: public; Owner: pong
--

CREATE TABLE public.user_channel (
    "userId" integer NOT NULL,
    "channelId" integer NOT NULL,
    role public.user_channel_role_enum DEFAULT 'user'::public.user_channel_role_enum NOT NULL,
    "hasLeft" boolean DEFAULT false NOT NULL,
    "bannedUntil" timestamp with time zone,
    "mutedUntil" timestamp with time zone,
    "createdAt" timestamp with time zone DEFAULT now() NOT NULL
);


ALTER TABLE public.user_channel OWNER TO pong;

--
-- TOC entry 222 (class 1259 OID 16460)
-- Name: user_id_seq; Type: SEQUENCE; Schema: public; Owner: pong
--

CREATE SEQUENCE public.user_id_seq
    AS integer
    START WITH 1
    INCREMENT BY 1
    NO MINVALUE
    NO MAXVALUE
    CACHE 1;


ALTER TABLE public.user_id_seq OWNER TO pong;

--
-- TOC entry 3449 (class 0 OID 0)
-- Dependencies: 222
-- Name: user_id_seq; Type: SEQUENCE OWNED BY; Schema: public; Owner: pong
--

ALTER SEQUENCE public.user_id_seq OWNED BY public."user".id;


--
-- TOC entry 223 (class 1259 OID 16461)
-- Name: users_in_channel; Type: VIEW; Schema: public; Owner: pong
--

CREATE VIEW public.users_in_channel AS
 SELECT uc."userId",
    uc."channelId",
    (uc."userId" = c."ownerId") AS "isOwner",
    (uc.role = 'admin'::public.user_channel_role_enum) AS "isAdmin",
    uc."mutedUntil" AS muteduntil
   FROM (public.user_channel uc
     JOIN public.channel c ON ((uc."channelId" = c.id)))
  WHERE (uc."hasLeft" = false);


ALTER TABLE public.users_in_channel OWNER TO pong;

--
-- TOC entry 3218 (class 2604 OID 16465)
-- Name: channel id; Type: DEFAULT; Schema: public; Owner: pong
--

ALTER TABLE ONLY public.channel ALTER COLUMN id SET DEFAULT nextval('public.channel_id_seq'::regclass);


--
-- TOC entry 3223 (class 2604 OID 16466)
-- Name: game id; Type: DEFAULT; Schema: public; Owner: pong
--

ALTER TABLE ONLY public.game ALTER COLUMN id SET DEFAULT nextval('public.game_id_seq'::regclass);


--
-- TOC entry 3226 (class 2604 OID 16467)
-- Name: message id; Type: DEFAULT; Schema: public; Owner: pong
--

ALTER TABLE ONLY public.message ALTER COLUMN id SET DEFAULT nextval('public.message_id_seq'::regclass);


--
-- TOC entry 3235 (class 2604 OID 16468)
-- Name: user id; Type: DEFAULT; Schema: public; Owner: pong
--

ALTER TABLE ONLY public."user" ALTER COLUMN id SET DEFAULT nextval('public.user_id_seq'::regclass);


--
-- TOC entry 3427 (class 0 OID 16397)
-- Dependencies: 209
-- Data for Name: avatar; Type: TABLE DATA; Schema: public; Owner: pong
--

COPY public.avatar ("userId", filename, mimetype, data) FROM stdin;
15	total_bronze.png	image/png	\\x89504e470d0a1a0a0000000d49484452000000c8000000c808030000009a865eac0000000467414d410000b18f0bfc61050000001274455874536f667477617265004a64656e7469636f6e9bca097e0000001b504c54450000008489d68489d63d45b73d45b78489d6c1c4eac1c4eac1c4ea09d9e60e0000000974524e5300ffbfff7f3f7fff72c69e54240000057649444154789ceddd5972e3300c04508e2c4de6fe279e72bc690181c626ab50ec6f92e12b64716c886c6d6464646464646464646464e422f943642247ded0cc333c7499a8af4fc504595c90b93558d21a4ab140e882a090f93e1695dcc762140b842e0808991f8341c963304231403a05c120f36b3426798d96290648a7201064fe0c87249fe112450fe9150481ccebf188643d9ea7e821bd820090793b01906c27701435a45b101932ef67c892fd8c3e450de91644841c1c80e438a547d142fa0591208443965073688a16d22f8800211da2849e44519410a6203ca4e39024bd59478a12c2148485741d82a43f6d4fd141b8827010c6c14bb8795b8a0ec2158481b00e56c24f5c535410b6207d88e0e024d2cc0f4505610bd285880e46224f7d513410be203d08e0e84b90b90f8a06c217a403811c5d0936f94e1107c105a121a0a32741672fd2e6d610a1202404767424f8743170412888c2414becfb3e042e08015139488975d744e0821c214a0725316d990e5c900344ed2024860df70217640f31388e12cb1a9dc00569018e83c4b60819b8202dc2b1975857210217a485387612fb3287c00569318eadc4b3ce2e70415a906323f12db4095c9016e5584bbc2bad0217a485395612ff52efc00569718e8f2462ad67e082b440c75b12b3d86fe082b448c74b12b55abb43c082b450c75312b75c830bd2621d0f49e07270415ab0e35712b81a5c9016edb84b0217830bd2c21db14bded02438149d0572edbeea50f548c440921cba1e8900489a43d923e185243ab43d122e48aa43dd236187243bf43d124648bac3d02361819ce0b0f4481c720987a94762976b386c3d129b5cc461ec9158e52a0e6b8fc43b9771987b249eb98ec3de23f19b0b391c3d12cdd3cf90117b8f84a79f2123f61e896b391c3d121773d87b24aee630f7482438fefef5cdb7f54824387e7e1224e2a40c4786449c93e248908853721cf112714692235c224ec872444bc4f1698e6089383ccf112b1147273a4225e2e04c47a4441c9bea08948843731d71127164b2234c220ecc764449c471e98e2089382cdf112311479de008918883ce704448c431a7380224f210df57001d7e49c00836d78194f9d6aaf3c35ee7d76f9d3f88755ea2d479d158e7657c9d7faceafcab5be7cd873a6f07d57983aece5ba675dec4aef3b1429d0f7aea7cf456e7c3d03a1f4ffb25ff7cf3c31a06eab470d469aaa9d3e654a7f1ac4e2b609de6cc3aedb2751a98ebb494d769f2aff3d8459d0761ea3c9a54e761b13a8fefd579a0b2ce23ae751e3aaef318789d07f3af7f5482e28b06aea55e123f6343ce578f13c14f3d91f3cd035e16f950563cd13f279a2377a660c8b70e415a806372f1c4feee521d4b859cf78b27f4b7b0eaa0b0053981194fe4df13ddd16d530ae4fcc3f416e84c6c3c717fe395c71b62877be3097bb5a23c7072c18e5bc713f5ba4b7b04e8940839f350d6053c001fcf2d44a23e26173dc91fcf2d42a23eb8f859903cc85947494fe990730ef77e15241372ca71ebf8b51d780ebb38e100fc77417221f957124c2741b22f89f81444864c8ab34c3d12533f83ee8e1e9442ee24f522955541b08b54300abd95ccab6d262d04a374f682486cfd0ceb82e057dbc894de666489b19fc17a219744e9ee469218fb193605515ec865bc598c9758fb19263b84a730fbe124d67e866d410c576ddaee0ced4accfd0caedbf7580abba39ec4dccfb02b88edee699ac26f8996d8fb19f6373b9a203445d81325b1f733ec0b6285501469534789a39fc17bd526471177b59738fa190e05f140f614795b5b89a79fe1788dab0bb2a500fb5a4b3cfd0cc78278216b0ab2b18fc4d5cfe0bf5797a3403b7b495cfd0c444122202f0ab6b587c4d7cf40ddd91c027950c0bddd25be7e06aa2051903b05dddc6d76f633d82ed11e19191919191919191919193929ff01ba1077c75edbb10f0000000049454e44ae426082
16	thin_blue.png	image/png	\\x89504e470d0a1a0a0000000d49484452000000c8000000c808030000009a865eac0000000467414d410000b18f0bfc61050000001274455874536f667477617265004a64656e7469636f6e9bca097e000000ea504c5445000000a9cc66769932a9cc66769932a9cc66a9cc66a9cc66a9cc66a9cc66a9cc66a9cc66a9cc66a9cc66a9cc66a9cc66a9cc66a9cc66a9cc66a9cc66a9cc66a9cc66a9cc66a9cc66a9cc66a9cc66a9cc66a9cc66a9cc66a9cc66a8cc66a9cb65a9cc66a9cc66a9cc66a9cc66769932a9cc66a9cc66a9cb65a8cb65a9cc66a9cc66a9cc66a9cc66a9cc66a9cc66a9cc66a9cc66a9cc66a9cc66a9cc66a9cc66a9cc66a8cb65a8cb65a9cc66a8cc66a9cc66a8cb65a9cc66a8cb65a9cc66a9cc66a9cc66a9cc66a8cc66a9cc66a9cc66a9cc66a9cc66a9cc66a9cc66a9cb65a8cc66a9cc66a9cb65a8cc6641b7411b0000004e74524e53007f7fffffcc3f85d2798cb8191fbfb21326c5f25feb4c72f8fb4939f6fe6754fd5467a58c3a28fd3ad87b5742321d0c7864ac9f31202031995645fafa56f73b2df03b46df59926c663bf056fa49ce25235c000004fe49444154789ced5d67431341100d5d0129d29b0450549a142b22c5868afeffbf6312436ecbdcddbb2d873e77becee4cd7be4caeccc66693492254b962c59b264c992254b96ec2fb6be3e34b2bf3f7c249ebd14696000c4ea1f1c04f9e19178760009c46ab103f9e19178760809c2eab083f8e19178761009c0eab203f8e191787618a914abc7ae941f1e89672f3305a9044b6157c20f8fc4b39799865488a5b12be48747e2d92bea28c032d815f0c323f1ec9575e46259ec72f9e1917876071d395802bb1c7e78249edd49878825b213f9e1917876471d02560e3b811f1e896777d66161e5b2b3f8e19178760f1d0656013b831f1e8967f7d2a16115b2d3f8e19178764f1d0a56093b851f1e8967f7d6d1c32a65d7e38747e2d903e8e86201ecbafcf0483c7b101d1d2c885d871f1e89670fa4a38505b26bf1c323f1ecff8f109a4b8be766e779fcf2bc10794a149ea291a78ce75958f12c75799a0f3ced209e061d4fcb94a789cd3356e019f4f08cde7886a13ce3699e0d033949ed37afbfe1d99d74c897414d42f08b10d02162d523047f2c403a24ac5a84e00f6a508780558710fcd509ebb0b16a1082173315745858f185e0e565251d2656742178c15f518781155b08be04abac43c78a2c045f143be8d0b0e20ac1db144e3a54aca842f0c691a30e052ba610bc95e7ac23c38a28046fae7ae8e861c51382b7bbbd74dc62c95486fa865b36722f8fead0fdb67f34c78f670fa1a38b2511191bbfc5783021f927a76efdd30ff384e023216f1d7fb06c1a33b32accec8ce99f9b57fd0b8ba2107c4817404707cb62b1b4ac03adaceafed515ddbfbc2408c1c7a64174b4b14c126b8f4ca8f5a6ea6f6e98fecd354b083ec80ea4a3856592d8b2c1b654ffa8edb7eea3c770f688429ed860db4f952f64dbf63f8b28c4f9d29a90c0943fb9f085351acfe35d5ace37fb8e84b599f93725ff8e2924e0cdeefaf8dd95a0f632ff9ee4dfb584047cfc3abe10f725a483cc7f20f9f76d21015f886e25cab404349df95f48fe614148c012c5a968b4de1206d161c9bf2109095834ba94f18712cc51e63f92fc87a2908065bcc3c2ea584219cbfc2792dfac1cf1ecde4a7297ba6b2f6d8c574a35b5f4daf6bf316b143cbbaf9282e6c35b1be244f58fd8fe491303cfeea9a4a81dd47c67029cbe57fd67a7a6ff43d3c4c0b3fb29296ed09d5fe81fbfbcd2fd5797baffe3b9058167f75252d6329dfba4fae7e74cff67ed11fcc55a78456b99566f629ff496b2535b92ff6befb5386edd1f9690804d6c87b1c2e475bbb9702dd26cd9e2f1b7b67f415cd1471c2bf00c7a78466f3cc3509ef134cf86011a212c9716cbcdcef2f8657921b294282c45234b195f7561f55dffb8b9b0fa612cac2eea5a58555deade9800a767aaffa7b5d4bda967a9cbd27c606907b134e8585aa62c4d6c96b102cba08765f4c6320c65194fd36c18a0d9c2e1b1a9c6ba0bee74534d8ddb9c7ec5dde6c4b3f18c672b20cfe64c9eedb23c1b9879b694f36cf2e7f9d905cf0f61787e9a54b9651a56c89dee7c082ae46e773e841492763e1429f9e7476f3cc3509ef134cf86019ac32b588e136139e085e5c81d964390588ea56239288ce5e83696c3f4588e3764397092e50850964359598ec96539b898e5286996c3bd598e5b6739009fe55f12d0fc93081a21349716cfcdcef3f8e57921f294283c45234f19cfb3b0e259eaf2341f78da413c0d3a9e96294f139b67acc033e8e119bdf10c4379c6d33c1b0692254b962c59b264c992254b962c86fd06b714fb7d42e825690000000049454e44ae426082
17	tough_red.png	image/png	\\x89504e470d0a1a0a0000000d49484452000000c8000000c808030000009a865eac0000000467414d410000b18f0bfc61050000001274455874536f667477617265004a64656e7469636f6e9bca097e0000015f504c544500000066cc9366cc934c4c4c4c4c4c4c4c4c4c4c4c4c4c4c4c4c4c4c4c4c4c4c4c4c4c4c4c4c4c4c4c4c4c4c4c4c4c4c4c4c4c4c4c4c4c4c4c4c4c4c4c4c4c4b4b4b4b4b4b4c4c4c4c4c4c4c4c4c4c4c4c4c4c4c4c4c4c4c4c4c4c4c4c4c4c4c4c4c4c4c4c4c4c4c4c4c4c4c4c4c4c4b4b4b4c4c4c4c4c4c4c4c4c4c4c4c4c4c4c4c4c4c4b4b4b4b4b4bb2e5c9b2e5c9b2e4c9b2e5c9b1e5c9b2e4c9b1e5c8b2e5c9b2e4c8b2e5c9b2e5c9b2e5c9b2e5c8b2e5c9b2e5c9b2e5c9b2e5c9b2e5c9b2e5c9b2e5c9b2e5c9b2e5c9b2e5c8b2e5c9b1e4c9b2e5c9b1e4c9b2e4c9b1e5c8b2e5c8b2e4c9b1e4c8b2e4c9b1e5c9b2e5c8b1e5c9b2e5c8b2e4c8b2e5c8b1e5c8b2e5c8b1e5c9b1e4c9b1e5c9b2e4c9b2e4c8b1e4c8b1e5c8b2e5c8b1e4c9b1e5c9b2e4c8b1e5c9b2e5c8b2e4c9b1e5c9b1e4c8b2e5c8b2e4c9b1e5c8b2e4c9b2e5c8b1e4c8b2e5c9b2e5c9b2e4c9b1e5c8b2e4c9b1e4c94b4b4b66cc931d973e7c0000007574524e53007fff3379bfccffd2b87f264ec5592cb91c39e8eb39e84cf8f2381be91f06ba5354c93f2b2b7a72b2d5eaf1e91cadff1af06801c329f87f06d53bfd960ee4511a6801c329f87f3b0ee4511aad68f01a013bd57f51d5f096c306f85151e4063bf8c3e40ed5c396e47f29c3f8069f135101fdf8d272cbe521f3000006c049444154789cedddf97fdb341806f0a6c03c608551ce3160c0b88f66d928e948dab569bb6e8c6d8cfb2837e3bee1ffff90a46922db7aa5477a5fc98d3e7a7e5c64a9dfb59165d9961616727272727272727272727272d24dabd5f44f2093d6e2621292a12309c9d8918064e2987bc9d431e712c5d1b8e48e3bef3a5614c7efbee75ef7634b0e2f09a7f5524e1c2fa659bacff1e08ac35dc26a5dcdfdc78a524e3ee07274cde128e1b5ae66f9c1a2928796f1a3350e27c9c38f705a57f3e863d59a8ae2d4e3e8d15a878384d7ba9ad34fd46b1afeaf3cc972c0125eeb6a9e5ad2d5541467780e50c26bbd94a7f53515c5333c072661b55eceb354554b4c0724e1b45ece59aaa6a2788ee9002486d69f7784bc4057f522d76197305aafe625baaa936c8755e2df7a2da7e8aa5ee63b6c12efd6eb7985aeea55018745e2dbba5c55b0c32c1184f8fd721d1c4689e09f96d7d7cdc96192087ed97d3a4047874122d8fd7a9c109d1db484733aaec67990e0e1a025724314e7619b978394080e1a1d07d29e0e4a22388c77bbb4f1765092d3af39b46e89c3c526c34149e42e751d261f580e4ac29bfa28a73621f37a080725919b0e5ac0a6c8d80eb2ef129ba01bc53a6929e0a0cf276253a6f688381a9fe11673342e1173342c1174342a117534281176342611773424d137bad2d6845b69d0b416b5ff7caec382c4ff9d0cffaef41f9ce741624b46df0ffd2717dee041e24ac6df73e2b3d5377990989283fe8afab4cb84c4934cfa5deae3b58b4c482cc9e1f9832cf0568f098923999e07e9227d2e248664763ea7cbac6f7021e125cab8c450ea121b125aa28eaf4ce556d890b092d238d15470b3c386849494c7bbc6a25b7c48384965dc6e2c3bd8e6434249aad71fe6d23bbb7c481849ed3aca52feb2002484a47e3d68394019a9e0add41a119768ae6b6d87ecf50420d212ddf5b9f5a0be044456a29d67b01e75e5aa044452a29f2fb11ff7b623e4da8ab621310931ef031cf98e0b6470fd465bdf9290849abf020ebdd9c121aba35328d19488849c87430ede42216bddf109946a4b4042cf272247bfbb8d416ebd77f0474836c69618e645a1e3577701c87afff09443b7c69498e677b11adeb7433e985d501a9a63498cf3d458156b1f5a209bea4598a93d86c43cdf0e5672ab67820cae7fd40621fe12cb7d03b49a8f0d909d4fda6d18e22bb1ddff40eb59dfa03ef9b4fb59db05e227b1dec7816bfa9cf8f7bdda94a40de223b1df8f72afb394599feb00719700f7d5788efd2fea0c00e22a41ee0f72189bda5b7408c44d02dde7f4670cb67437e840888b04bb5febed58dd261818049780f79d3d195f76774907064125e8fd733f87a6cf75866012f839001fc6155d9feb0e4124f8f30c1e8efd0d23038700121c62f99936f63da482105c6264f4faeb1e0e1822fa2531392e7ee5c38021b2dd16cdf8babbe6e70021c22712d2f1cd8e270384489fda0946676be0ed8020e2832dbd63e59a3f0382c80f7f758c6f7dfa5c2748800b923aa3d7ff8ee7b043425c22d61cdfef11555d128304b968aff6b997c93e77033e398670582565c7ed55baa2f60f329040135b2ae386b1cf6df7a83f3a2748a8a946b5cfdd3456331cb280a7fa400eb364caf8d1d6e70ecbfcc486849b8ec7fbdc61a9dd9f99908037482c7dae9251b95fa0814b38874132faf17eedfe065431166f218d0574d0124b9fab640ce9983b848384749092619f7b01ab60d2b50125833a28c9ef7fa0c74fba853fed25c33a7c1fe198660201462a811d9e0fd54c7378c2e95b4b8676783de634cb74986fedaa833b3c1e3c53321be8db462ae11dee8f022a990dcaba9692111cae0f67aa9941762d279e180eb7c7654b51c6c9db7f194b4671383dc05c8a7ae572de58328ec3e191f2725448e7a6a9642407fe907f392ac43c5289e5405fbba8a404699be654a239b01761aa29434c2395780ee8d5a46aca10d34825a2037859ac960ae46f7aa412d3617d7daf9e0ac430a712d5617ba1b29e2a841ea9c475985f71d5a406f9871aa94476985e3ad6a50669df26e654623b0caf81eb528750732a0d2c3240bc98af8d06d239a72dd9c462090e4d6a20c448a599451f16c593ca321ca92c8c92ca5235a92c1e94ca724ea92cb015de91c8d26d892ca697caf286cbe87e1341169c6c64b78b23bd04682a8bb226b34c6e320b17a7b294f4915ddc3bc66e174772b9f56416c04f664b826436894866db8e64365249666b9b64361b3ab2db3f85dfed029700d7e70dee76814b907986e676bbc025d07c4963bb5de01270de476e1bc17436766c7aabcda0bb5dcce9e6a7c39cf87756d11c6f473b4a221b0433d3623a8e4e5a893814c99c3ba692b9774c240938c692241c43c97f4dff0439393939393939393939393901f33f1805b6bf4c7a16a00000000049454e44ae426082
19	imaginative_brown.png	image/png	\\x89504e470d0a1a0a0000000d49484452000000c8000000c808030000009a865eac0000000467414d410000b18f0bfc61050000001274455874536f667477617265004a64656e7469636f6e9bca097e00000012504c5445000000ccac66ccac6699793299793299793223d2dec70000000674524e5300ff7f7fff72e51cb2d80000035249444154789ceddd5972c3400845d178c8feb79ccaec4916c38376dd826f25f6a9c4560bbae1ed6d6262626262626262626262e245e2608da3f9579e4ee64b8fe69797411c8ef3b940a282b81c151211c4e9289068206e875e2281041c7289021272a8250248d02196e4216187569286241c524916927228254948d22194e42069874e9282081c3249062271a8240988c82192c4213287461286081d124914227528244188d82190c42072475e12821438d29208a4c491950420458ea4c40f2973e4246e48a12325f1424a1d19891352ec48487c9072475ce2823438c2120fa4c5119538204d8ea0c40e6973c4246648a32324b1425a1d118911d2ec08486c9076875f62822c70b82516c812875762802c723825fb90650e9f64ff92750e97c47ce5bee35010efbaf767769c2b208ebf89cc5103e9967c7e3e6a20bd92afcf7911a453f2fd7d5505e993fc7cef9641ba24bff78f3a488fe4ef3e5808e990fcdfcf2b21f5928b754929a45a72b9beaa85d44aaed689c5904ac9f57ab71a5227b959b75fbf858d9f715c7007a992dc3e7fd4436a2477cf510d900ac9fdf36007442f79f05cdb02514b1e3d9ff740b492877986268852f2385fd205d14936f23e6d1095642b7fd507d14836f3708d1085643b9fd809c94b9ee4455b2159c9b3fc6e2f2427799aa76e866424cff3eddd90b864a76ed00e894af6ea1ffd909864b78eb3001291ecd7a35640fc12435d6d09c42bb1d407d7407c12539d7311c423b1d56b0f05617a61b3c458775e06b14aacf5f375109bc4bc0f6021c422b1ef67580931483010ccbf16e7c3cef9fae5dc10394b14cea291b38ce73c58711e7539c9074e3a8893a0e3a44c39496c4e598153e8e194de38c5504e799ab36180b38583b3a986b3cd89b3f18cb31590b33993b35d96b38199b3a59cb3c99f73ec8273108673348973588c737c8f73a09273c49573e898730c9c7330fff55b25609a5760da89701abc705aee709a2071da52711a85715ab7719ae971da1b721a4e725a80729ab272dae4721a17735a49739a7b73daad731ae073461270864470c6767006a97046db70860d71c63f7106727146a47186d671c60872063b72466d72869f72c6d172060473463673866873c69a7306cdbb2572870ce293e81d3a884762dfcf6076ec432626262626262626262626269ae203650891a7f03e0b570000000049454e44ae426082
18	94dbd5cbf7fdfac3c4c71aed6c6facfe--skull-art-sugar-skull.jpg	image/jpeg	\\xffd8ffe000104a46494600010100000100010000ffdb00430006040506050406060506070706080a100a0a09090a140e0f0c1017141818171416161a1d251f1a1b231c1616202c20232627292a29191f2d302d283025282928ffdb0043010707070a080a130a0a13281a161a2828282828282828282828282828282828282828282828282828282828282828282828282828282828282828282828282828ffc200110801da01da03012200021101031101ffc4001c0001000203010101000000000000000000000607030405020108ffc4001a010100030101010000000000000000000000010304020506ffda000c03010002100310000001b5000000000000003971d75342b6e366f56d0c35aabd3647baa7cd99ee0d9a5becf1787ba3bdc4dd98e9bf71ddb782ab73659be2b547763eed55cfef3dff00ee81b0efc33b1665000000000000000000000000000d1a924515c3f40147a001ebd18d9bd235db2359b3f0d767f2627bf29f9e3d8e4fccd87479b654fbf3edf1a3ccda16e400000000000000000018a272b8fcda34ca904e753aac7d4adf171a2c2d68178e2ee9fce579ab6767d70bcc4c87ec6fe125f31b122f31f4cc811f12047c487d471092fd8cfd4497cc77e9dcc5caf53ceff6e31ab6513fdea97d69f32e8dfa2b3755de8a73afdd566219dcb29ebbcfaeeb00000000034a2946a9870e0ba793d594f1b90a776f61d74d9ebc9d40000000000000000000f27ae67bc17630ee803efbc686c64d343b724807b5772f7e81ebdb96e84425b7e2f43ae401e6089f2a2783dbdcd2f8a7d5090000000000000c73191afe278db68f89e3a2e5f99e7a9e7989e7a1e7453cee78d64f39b17c4f013000000000197bf1b47379f5686b7eff0037b42ecc87cc2a1cde8f37e18fdf00000000000c3add57bd8b9ff3ba36f161f5d55f3e66c9d55aaddf331a8e861355b6351bde0d46c628ebc0480000000000000eb727ec47e84f71e90ebf1554dadadc68a5d228ee1fa30e7b0000003e717ba7a9a1c5c9a7c9dbec76fab6e3d0d9e7f37aaa55ebd417ae247adcbd7d19e45d1817aaececf3f2e3aaedeed477c4f324dc887db2b97c67473f5ccc706cc628bfadc9d8ec4595d7b9dc1b8b7db83bbc69e8bcfaaf4824000001ef76d3ea9dfeb1a7c9098727ac8ea05c3b654eea4b1de1ab5e9a656de0e6caad67f88eeb3f1675433cf1f49bdb3c4cd64fdcf3c41a4dc6d227282e4241c1edcaca5e5372d63a3347304ba377d7a1a7b520f0feaf89eb067bb2493879fc7b3f33b7c09358397542e4fc48de7d360f3623b47265d1cb80a5a21fa46ab209d7e2fbe2eefac6ead5b6a45bd94a77e5d5b73cd17d2bc724d7544a65cee9f1ecee80000000000239f9e67f5f9eadc8e4c8e9f2f058a79f4ac23a9943a05a95dd3be855d9d17f74bf3f58931962560c22ea23be3735b1fb3abd26cf74c87a386c4d7e4e2e040a2b9f54f35e038a26d698d03d34dffad119bd9444e4fc4824c4338777524583747e5bfd326d80000000000000001f3ef28fcf1a4da2f6acaf1e11525fbcad421b0bf3a74e97773f1fd3f27b3a9c6de98e7f4faf12c9b6d2b1bf3c5f14ddbf55da7437755c7d78d494f9504aeadaafc787df775e3c79b89afa337578fd5e973d732cba73b5e6fab3088ddbc9bb378a4bf45d485777951b6896c800000000000000011993458fcff278c4d8b934fb7c93ad515b545f16f23b5c7cba72f339e55d84752394d6961efc11a9e42fb1e67ad75d1d78c46ca3bdd0632978d6f6bf17f6227d0e26bc019f47d97443ed95d81c097446c8b2e7b515899afe7f0ac684cf345cfa03392f1000000000000000023326e21f9c66d099517ff0bbb1837a95b829dab47ce3f762fb3cff00828d003bdc1daef8957cd8d79eaf715cb9bd2e7143ed686ef531bc5f7e73c824095fbe4777565de9ac3245877d890b9a57f6554acfe016596f80000000000000001afb03f2be4e8728b6239d0ce5a34a585c2e2c86c66491dd397c8a6e01931ee4f330d8e74d6de2c214dac3987e78f7df8ef7cc77e7df9c74001d191f13a1a734af4641a3935ee575258975cf22dea8afa25e000000000783db8fcf2508b7d2508b7d2508b094a2ff000af2036c5505c127a4ff00461ccf1d81f9d79d6cd716d31e7df955c02471d9c5f9f4aef8e4ca9bb53c6ac5e3a9376abeb048ed27fa3aabeb8ac3077b8320e3b19095f9dfb33466edc3e6ecfa74ff00335af51993f4e5076e92945be92845be9284584a51612947bae6d022dee4c39dd0c3c22488b7c2548b0946af0b6cc9a98f8513d9a37f4d42a628fb72a3f47ea757d608a7ae1c53cfe7b8fdb518be885fd976c275a6196c6e67e8a6ff001f9bbf49d1e5892d8ec8878f62918f7e84ad2ea2ab4c7ccc44a659a67d73e67e67d2e579a22279dabf2584a25f27f270f773e89d4c91ac64a51612945848791bbd222bf6522338e54239ddcc00000a7f9537e45764ff00ad1993775d335e7ea7a6e55e4be21f0bda57f97fe9faa343f3b6e973f6284f27e89505302cd57d20242e47d3ace3f83b68ac18b8d52c38be39f4df93f40e6fce1cc3f42412b1f86c6bbae62fd0b83b40000003e7d1c8e64a8457e4ac00000001a355d974357ddd327fcc13deb9b8875100a8bf4e6a9f97d6c57672df7e004b6ebfcfbfa44fced6273fa2676aec9ef07bd03066e84948f52769d58003298bece6ce2b5b83700000000000000000000148c0ff0040d5908dd99cee671ddf0acacdb3801f3e88bc42d7140f03f4ec7e3afced36716bd36b79a9b0cf16d79ab724f16965a9f026dce5d719e2ce4fced4e6260b24ba16e481cc76c00000000000000000000000e1f73c429d98c334f3dfd394cae91d345f4e4f5800055767fe6789daed757ad8bd7e16df4f6b17a5c8f7daf7cc7071c8bc110d192713465e66b58352eff2bf527a83ce2eca00000000000000000000000039dccd71a1248fe5d3d199f3f7a628bb7f5eaad147e91f5f98faddf3fa1b53f3e724b46aefb342cc8af62a8aadba914e7f97ecced5d629eeca5699895c675789a30dbb53f4a79e879906bb7f3c7e8700000000000000000000000034799cce9e3d5cc884ee05ccca3b95ccdd3bfd3e6403be66918817535e59b7722b032c5e5c1ac6383c6ed65af460f7d8c9e4fd4f1fd75913c9f3d8117c3dbd9d5e6c12d6a67f457a3f3f4cfe83fce7fa30000000000000000000000018338ad6535e5858b5c6e0761579d465e8eb76bae677abb5b7c755df26f06ccb46efdc62889be9eb187060e857775367b4f1fd8e5e4e87c9af43c74be90cc9b5ef5d156fe86fcf3727a1e655ff00a0bf3efe8200000000000000000000000022dc0b0e279eedfe0f7d9ef8f7770ec77cfa1c75bfd28ff7f567fa2eaab3d7d8c845bab8f779b3ee86864f2fea18f3fa59ad932f939f2888cdb578f4ff00e8aa22f9d9e3d1ff00a37f3efe820793ef9a9f5b37ab722ba97d997ac2dc800000000000000000115d9e3f47368ce73a8b7eeae96ff51f7af833f32eff001bb3a28f4c3e34535e353d1a322874a08659b5658b131597d6168f3dd6176d037b14b5e7f9bee5eaaaaef3fcf5fa22669dfd05f99ae78e26504f911ab66a6e69ece0fa8cfdce075d3688f57e34000000000000000003915d5b95ed764855f4cb2e8df3c733efc71373be7b79cd995e79f55cc72a7952fd2c498d77709484faa5d72616551ffa28a2ed485404ecdd5f9f2e120f6b72299366e5a3ba51360f365d27cfea53bb52edaab6c2655ddea59937de3deaf20000000000000000001abb5a87062961a26b5de9e7989e7f4a0dcccfe9d98aea7d6e5abe337eadc949caec1186b99b7e7f3c7de9d8e27c1cea13f46710a07b5bd1a3f4847a3366950716f9142dddb80001b5aa3a2f1ec000000000000000000f9c8ec73626219fee1cbecc6f1fac38bdfc7a7b5ab6e2b0b6bd74bd0f92e478789cdafd4cbd577f47578003c7b0000000001b59fc7b0000000000000000001e7d0d0c1d5d52aed29646bcbfaec5a5b1839b362795a5b7bbe733e68ae4949c5f800000000000007b3c6ce4c800000000000000000000001c8ac6e281e5f5e298fb5b79bd58859f824bb3c3aef9967c6aad7d6e8e96eeaf203aac000000f5ecc4d9c869e5db18b280000000000000000000000000000007cf3ec63f99461661859862fb9079f40000000000000000001fffc40032100001040103030303030403010101000004010203050006121310111415204021305022233516313233242534414260ffda0008010100010502f8b2983c38eb81133d6c5cf5d0f12f015c4b70571b621ae2163ae7910e7930629a3262d88898b6c1a62dc899eb62e7ae87915b052635cd7a7e20e3630d85d8904af558738973897387385b9c4cc46b53dca9df246ed5827947755de24aefc31843451e795f3cbf05c9b9bd34e58abff0d7e47213edecb9b1d9c52670cb9c12e704b9c12e70cb9c52671bf36afb244ecfc8a474528b32103fe016462638c81b8eb28531d6acc7b217c9b21cfdbcdd9c8ece69339a4ce57e72bb391739339339339173957395f9cd2673499cafcdf8e48dd9c23ae28a2ae0c736bc56dec78cb915d8c3c57e36463fe43a463724b085b8fb5c7d84eec792f5c74cdce76e7919e42e73bb399f9c8fcdeecdcbf7bbae6e76723f395f9ccfc227554e5ce44cde98d93233888f22ba21b915eb1721b11a5c454727df926646935a35326b095d8f21171485c595eb8aaabf35eedcef6ef76722e24899095246a3ddcccc1ad879b115153ed4e4c70a1566e5c909dcae95cbf805544c7bf77db472a6249829f2c0a1dd472635c8e4f73951a8759f6c94873d7fbfcbdc99bdb9cadce54ce6ce55c591df01af54c02c6419c09b116cf63951a96963c8aaaae5f8aaf6a672b739b395d9c8ecdcbf28621f0c958734c8bade97b13e1ac8d4c59b16472fe0ab8a70a446e47b3a58c9c86fc0748898b2ae7f7ebd971237ae78f3678b3e38795b9e1cf91c1248910f2cad70f2b5de2cf9e3cd9c32262b5c9f1e864e4ace96c33a033ef3a444c925c59db83093cd8d0214c41a06e231a98aa8d492c85667ab418db3117239a199395e2924cb24f23cd73e011228865387dcd93764b2b22492c9f210a88b8e8625c70502e115ee4c7c8b1b92462fc06b55eeaa194507a110464447554c3fdc55ec939698e95cec187909903af84545959c64992354c08992c70d1886be1e356794adc9a489ef7c7c595e6c43ac064b1a41611401c118b1c0f9a79665425f883c48e626fb2cb712721f24d38d8d958e9258e02d87d73c6c6bdcdc6118d72393ed881ce5beaaaa30bdc4d78e464f44e4c96b4b8f1cc733dee7231a44ee957000de5c9042c82339ea4da0e1423c98bf449ac068b26ba5c88873667b267c0fa976d8e66b6115075823976202d89d1d7345717da2f3277c43d88a1f7c84ee1306b3066c8466ced50674c2409248ed45680e1a4e61ad2b76f46b95ab149bd3dc9f5c8812a5c834f94fc168458b18c6b1bf69c340fc75708b8b521ae7a3899e8a267a28b97af850cc0c671534113218b2d2be5966f36c22cf26ce6c6d3da94a3e9495706d380438c1608d858eea62668212d0a8a282c4c7452ccc8988c3d8c64c53e170f18e7ace95b2c2e0e09ad325a3af923274a46b92e9db181cd22f43cfea0b44c6876774530281b13ebe25cd454aa2746aed756d580707e80167a08589460a62540298c00466358d67c4bf37c1aec4faad4d5cb08ef05cc834dcaa6b11113a4d6c0c4ffea69115b7e7b719a95fbe0b20e79a58d92c7369ed8eb904b1a33991b2269ae6b51fcc5ac2ae3fc3b87641a7d64746c6431cf760c51ff534cc6c77e68ee1751396714f14a7e12f7463e9fb022c22958d963b805d5e7668f3b84cf93ac4ae53f34905e41d6f75c44d6ea2e44e87dd19210c51bc0531fe2b8999d0c863e41e57428cabb829e7dc466a3ac2d0f3875aa2c06cb22cf22b5d64a330fa23209aceda555ec875c1a68f2a8aa01063e68a52a695b316a4e72a466d25ace49596767182e8f5211bf518f1d8d4e44f745289321037c75fa21d37906669a17c6a9907905b1de859d9a90de636557574b08ef21638238f3b648345263e39049206ad84ba54edc9d0bd51c64559b19e262fd12e4af3ada496401471164c6431b33b264a2c6fc4e5066822f2734b9de483ab58ef3249d9207a7c478f596637887e6909f96abe3dac9c55b82c5ce4f76431121016cd1ab8415d784b07ae87c3704244b3bd551ad94e44cf3e4c84d6b95d1aed9e351e42fc58e20488c91d53ba19406c2469f01d5e066ab2591d649e2284143c8af7231b21f887c99016c916687bb159c33ba41a0355a39e37a157f3c244333b5a43b0ecd1127eefc7d4abb69334d47c97470cd304a8af6568d9aa888bd4ce9629df1b52288a2166775aa396079e2348840221863d1d3c5df3524e636debd65703976541eb84ac6496aad8a322674cfeb5077d6d8349201898231347cb1ad7654d3455d3eb68fb859a31ddad3e3ea7fe1334827fdc65b10f16bdae4736625b15a8ebce758cbd9beda6239869ff00e1db544ed96fb2de4b1699923918c1894196bd373ec65eeef6d74fe48b0bfc13b4c4ad7dc34973adb357a77a7cd1dfcbfc7d4a9de933487f3197bf5a8ad772d4c33b87cac4fdb29fbe7f6d349b0dbd4d92c52a9565d6c98c9006932a020a6d1a476f7fb6824ed3597786d29dfe4ded7bb7ea2cd5dfc3e68b4ef69f1eedbbea734c3f65d66a49123a6a666fa37be481a0fd05f70ceda46a0ffce3ef36c3ad8c2d2017cf2b8245db5feeaa76d3eefe84536e32eab24dbaa735a3fb56e6886ffcaf8e4339075fa2c323e1942d54dd9776ceb69048d201ace19012c4ff00c5ee67f9dfff00a292290eb4eb34692c263658317f8df757ff00edbaeea4e9989c51da8564afbefeab1b8adad27b29334447d87f916b0f059645a7e2240ad86beba6a5dcc3f548aa3cb5ff00e0a9d97da23779578e559f4b09b9becd481b83287fd607baa1bb8fb591dea0008d1295de2fa60ba75a4bad608c63b34a45c54df23590fc7659a2cade35f88f36b6ae078d5f680b2c058ff62c8d66c23db4716f2dadf50bb00560429644628e115118389663164e5cd6b6c22ae7feb9d9c72fb6863fad60fead670c6d86112b678f50973b461647ac9231aaf78b124037dd739ad496cc28f3d741efeafbb3cf3573c9b55cdf70b9ff00739b6e736dc676b9cd42359100e5319e0d83551cde9a869992464279037b5a9e9f5b454d102ccb3220846a6486a42a18d9573f4d4350c15a7312467b18d57ba762c025454c15cde9ac8eed1e508d3907ff00dce236e736dce7fdcf6dd7299cd6c99e6d8b73d5266e7ad8e991dd57bf2222197afa64f26368c145881162c44ededef8f260663ad016e2de57263eeebded2a348c8cd27688f675ba056b4a343fd1d6bc3485b481b8e2ba2b5bded0952cfd373f9951d1ed47b0f0d6a8a3c2587aa27750c7601169e01eb274b23630052a77924669c2c4ae0d2f6bb1b715eec61c23f1af6bbdd24114992d3d7c99e8cc667807f59658e2492ec06afaa4d26725bc99e259c99e92e767a102b8ca801b86cb5b5c8cd44322c6e47c7aa6b7cb171ae56ba8afd84b7a4b1b258c9aa26b9cf6804afa60f917843bc3a798b9111113a2fd50cd386c64d100b5c0f528788a82700bacc586bc9cf4d1930770f13eba99ee9ba58d8400436b632d8919a76b7cf3315a8b8e1e1763eb017e3a8eb9d9e8b1267a79accdb711e79c7c79eb6337203c59fd924d67249e9c5cd915282c58e26469ee3874fea058d140a97efadcd4f4fe3bfa56df961a09a8c19f2122199308107273d12bbbc03403a7dc20010954a4ae458618a16b9c8d42ae001f0fd52e764f3493c9800729c4d7071822fda9eb439f3d1db1e6db71f3d40dfb7aaa0fdb923e53b4e3b754e3911cdbfa170ebd517b6467151e25c58267ad58e2dcd8657956079b6a09c00f4fa82390382e019616d906e821b20e660f66110e65a8322b6f807b432ac6ecebd1ccab852e2c133d6ec73d66c31f6673f2495f27b2b809cf9eaeba1ae1fe49d0792243fa9b44efd9eb71a762270b166125f7696fe6ecd375751ac496d33032f549000aed497400aa7ea5046f0353842c557ab241240b43a7e9d67fc5fbea74ecc4e0a3442c3f2acec20af808b0924721133574b9e74b61d491e2263b0d2c98600486becaa2105b0fa3d90d6b2b7511a3c65ea5f4bef7f6b57138cd435d1a57df572c159a99b0cd5f4d5edae0f5a92d5f6c6c748e034d973e57538807cdd64af5b4c8617499a62cc2863f6aa22a174401384e935c9f4fd845928b3c3d29afe505b258d45ac3e8e1ab5d506c534e0da9b24e1595927a339cb1c54b5b358ea86236691f348c639eb0d41f360fa58b7e0ba6038f071a119bf3af6a5b670cf46408d89bb505a324c26a6c65af33ec5ad934069c6c862f1b316062e78f88d2133fe662a16b8b03d71074ce266231a994f6d2b25fc1ddc7c959dd1c94254499ac007b48d2f65e609efd665b3b8f26fc60cf76343c68cc4ce26671b338d98b03172789198ac6e4c891b2b0c41ec5aa8e6fe09ed47b216bdad3a49236acacf14d25a35cd61d1580ded95e914464ee28ad3f4d1981c8c58ded8deec41645c40d73c2cf0b1435c3c67b5158e4c1a85858ef6ed7e922fc8aefc1d844915a4d1ef8a1a89150882296ac5248ae2ab3508a5222a2a749c88476df5f8f3091c6f95f54336aeaab6d12c4df7597f8932f041a7ec9b602dfd738137474db2cff000534d9709f4dbdb027ef170eaa18e7fa716a34054e3e25dd8a64b6c7ca9fae57cb1490bb4bd88c049a9e789692967f1ec1f68ec71e43b14899d9bdf9bdf893cc984173aa1e43a41f47c8d65a5fda0710da79db6e7f0244bb7a59337869db2addfa7a40e6f0cf415d32ea5ac04609da54658eb68c4024d6d06e1e9a82036bb51d4455ccae87f6711aab9c4fce17e70bf389f84b5532287c8cae1fcb37fa583ef5b1706a0fc0832f93d27da90acb1b1adb141dc212d2599ab57f6ebec48066bcb95b348752c5155cf686cee28d24b4d10f76dd60f72dad531168d1ad4f717fde9da8b62d556a992bd29693f97fc011df834ec9b82cba915b18cb8437745a7e47367c2aaa0b28e7d26fc76983d3134c9eb916942572f69db590e947090d5eb3f19cb4e9de85a34ab881ae206ccf123cf123c50d9878db64a78d5b6358d85e7be519ccae48dba87f02d72d4db22a2a5bc5be26b5629953ba518aa9264126cf6eb7ff00450d2846566a7ac140669ffe17dc7aff00c8abff00df5b03093ffa6ebb2ba36c5a87f037b5be6c1a7dee705fdf26ae6aab026a2b1ad637a0cffaf5d6ff00e8d0eab9ac157d5e8ddb34fc96722e38c21d8b23d7aa48f4c7912f269e91d29b86b9de8747fcbf5554446bdaff009b2bdb1440c5c23756ff008f44fa2a75d6ff00e8d34680355eaf2032334ec3cfa7fb2e231cb9c2fce076703b385f8e8654cd303af7ac5850f759d7aa5771aea0e8e546a591af3a61a478cff58277027465b7e56a397603d649a36b94e631042d6793a37fc7a6b7ff00469cad00aabd581862a68c5ed59a99ca9794c30b3d66a795073a8238a7aa289919651883bd974e8d2cab9c9e9958c8643d69abb2b9236ea1e9a8cf920c8ddb518bfb6dff001a745f51f95ab517c382449a1c3a274d0c75d2632be24c8e28e3e913773fba262c899c99ad25eecd0fdf3587f2fa43f8dd4bfcce8c454aad408a973a6ff87b2fe468dae4a5722b5c18e6c817ff004ddde875fdbcef0e46e3a4747968e74857f693b637f4e0053c623e55b0de58146671afb5ee6b1b077d9d1ca8d6dc9be71da7ed8112af5558086b74fc0a3d56a276eb9aed400c15fa94f80f2a85bb2a2d1382e9ba96bf2e096196352edd58e6c75f7eb7f5b853d8f2ab894b5ab941223528792246ff007edf457764a5095d2fcbbea7591c0dbbe1c80c1e7e8e735a93da40c51069a67f430d1c36dcddbcd4e94352e3259646c311122cd3e0d0b8822262471eae1b617d34993ca06a1abf3a2722b5d8019285381782958f635ed9a958e73aa61c1c3860445ecad722fcb73f0dae1cbc974f3b1288bc8b4ff751021c4f65fd61b2d82549cb90d01cfc0b4ec71ac4ce366a9b2454e9a6aad476e5808c3452c69049f2a4d70064523268ac2a213308d384b71f4e7b719507b9c1c6f885f6b1fdfe5398bec72a35a5d8c92aba799f18864833a095b345ecb574ccaf777ee302492b534883bfada02c3a23694a1d55aad5d20e9f77db6af74f92b9348d86275bbb721fe5b3b76cff00f6f7fd5eae6b853c8907e63d7164b1ce5b1c92ce783012e333ec2b5abf762fedf2a78daf47d437b962a041e3931dbb1e9fa2a58f8ebe456c6df35655f1489f20af1e2c4fa7c562766fca7277454ed92a35d19633869153153e922ef4af3271dec0188e46f74f8cc67cd54ef8e8f2ea2545ceeb92376b256f7c1dcd5189b35cae365966f868d55c6b3b7e02d5fc60ff00f1ff00a5bdb72ff75ae1d6206cc5f17069e582508a6951fc0462e23113f04f6a3d85d33d17d34b468d552bd42a868f271ae4b0a48c7543770a330667dbecb9b1738f1189f8dec99b53362671a671a671a671a671a66c4cd899b53ffe5bffc4003711000103020307030302030900000000000100020304111221310510132040415114223015326142a12433715052538191c1d1e1f0ffda0008010301013f01f85ac2f385aa2d97fe215f4c87f29db3c785f4d5f4b3e50d943bb90d971792be990fe54bb39adcc29295cdcc67d26cfa7e1b319d4f25c2c41620ae371174458d9554584e21f3017d1328a67e8d4dd9521fb8a6eca67ea721b3600b00581ab037c2c2df0ac164b2561e1616f8581be170987b29e9e22ccc23491a345e0a348f1a2744f6ea3e0868e49b41928b6646dfbf34c8d8cfb47413498b21cae898ed427d1ff70a7b1ccc9dc949b3c37df2ebf19206a8cac1dd7a86af51f85ea0ae3b9715fe5124ebf039a1c2c54f4fc3cc69bb66c41f2623dbe174ad6a3507b23238ea5621e5711be57119e57119e5636f9571f19171629edc24854953e9df7eca395b28bb0f34d3b211772976897688d5485195e7ba257189d0212794d6976437195a3ba6cb89d608123442678ee9b56f1aa655b0eb9206fcd2ced8ff00aa26e6e7735ee61bb4a66d299bae69bb54776a1b522f057d4e1fca7ed38f0fb754f7ba4389dcb3b0fdcdd5529f52f113cffd28a032bb04640c3dc7755506389d1121a59fea537034e6e5031df73b96198c67f0bd5c6bd5b17ac6f846b4f609d5123bbfc8d6971b357098d1ee3d95a13a5f4fdd49096699841adc58ac855037998ec074b7fbaaa9981ae87eebf74d898cd026c248b9c938422f6ba30b4dcc67fe5105a6c7a373853478bbf945cf94e4b85237354957fa5f985347c375afbe06026e7b2a9aa2e385ba2e0bce69933e07669d8668f883b7efd1420178b9b2ab799a6b20034586eaa8f01e2b17104b4ed37fdb7cd270e9ec0feca1658623ba48c48db15b2e62c90c6e29c2c6c3a1a67617def651e6f71df2371348540ffe148befae7620c17bf237d95608539bc84defd0c6ec2e4cc9ce1bdd9054670d3dbcefa938834f8e4d6a5a9eec4eb9e89ded7e2f3bea1dedc23529a30b4377bc626d931d886f83dce32fcf6e42310b158dd164e170bd403f68ba8e337c6fd795ed734e262f52dee8e29b2d0202d90f9ff28f5ad75b544dcf5ce6d872b5a5c6c10a3779469640b812785e9e4f08523cea9d48e02e3a3769ca091a2a0709bdaed42b42cd571a10b8d094f73317b5544e5ceb37a26b4b95ac8c4139b879212718b214af2bd19f2bd19f2aa217477e8d82c139037520f6f2527f39aacacacaa7f57feedd1b4dc27a66aa4171c94e6d234a357215c793cae3c9e53e673af7e8e2dc374a2c6fbe120482e9b13068159595480d69247247b2def65ef9a9a86685b89c32f9a2d375b74c7b720711a15c6907ea28caf3dd39c7faee7170d02a48de5fef628890aa41740e035b7ccc759037dce78089be7f0b5c5a6e17d55e72704cda300d555ed3e202c8fe7b90b112a3d932bc5dc6caaa8df4c73d3ab6dafeed15e89d6110f77f9a71c94c0bb55333deef764b5fb6e5318f0733d550b8cd00738a9730b68d300f0e4766ced8f887abd99571c20b1fdd3eaa1031620ab2ac49ed62a7da2c73305415360c6787a7f687ffc4002e11000103020503050001040300000000000100020311120410132131203040142232415161052324425071f1ffda0008010201013f01ec934dca7623f17a87213ad75ea17a9fe17a872f50e4d9c94d901f1277dc69da0a37576ef120729d898dbf68e347d0471721e02d798aa3d58efd561fd5a6b4d69ad35a6b4d587f551ffa98640795aaf5ae7ec213842469ec498863364e9e4771b2b6bf22ad1df6b69d16842a38284c47c935c1dc744b317ecde1014edda558569ab15815a153b14fc51c95d8e5893b53b21a4ab15a15150ab4ab4aa1ee8350a58ef09cd2de7a9ac2ee1360a2d30ad082d103928c74e1134c844e3f48c56b6a72b42d308c67adad2e436c88079460695e9bf95e9dcbd3b90c3babba000d874c0f1f1770b10cd0697b0273ed153f6a192c787d2b54ebddc354cf6fc5bd2e6dcb4cad22b48ad2418077090372af71e02f7a6c81cae752daad3ff522aa369a87f144e95eee4a320e021a9b550791f2081aee3c36b4ccfa7d20d644375aac76cb1386a7b9a98eb857391d4141f6b0f87005ce5acc1b27c4c99bb2de37da7ff3c293e2b0cd11477224b8d4e58592f1a4f45863948ce265f2ee14efa9b4651c8637542fea11873448d4371e0ca2ad526cc68ce375ae05635bfe45699e0c50b8d3a0fbf0a41fa518a34782f150a4ddad39b454ac5fba7ffacf0e285c3a38c3b9345053c26fb996fe67876fbae3c04e371bb363ad75548db4e73fb5a23efd7a01b4d42b1b26ed342bd391f2345248296338e9639ae16bd7a777d216c3bf25135dcf7ff843cd7b49e1345079cd7d4f49345aa16a057b55ed5a81094786cd8f5626b1ee117b8add7b9309a28d941bf84e706f2ab5dd099c9ae0ee899b730ab55aad51378f0e4754a6a2d21447ddd12fc0ad45a856a150bab4f0de285469fc28c80edfa25f81545454508e3c39b27650baa299bc55a56c15c15c147b914e838900a6ccd71a0ef4dce55ca01f7d140569b7f158dfc5c6723f64e51ecf1de7b6e45a464d8cb9014dbb24557a61f48c0f51e1edddddfa05684712d1c28e5127967f85fdd1f2e3266c871e64c2d7d026a85d55aecbadf2f111976e108dfc51451dbb94f80835626d69eeff0090ffc4004d1000010301040409090702030509010000010002031104122131102241511320233233617181910514404252627292a12430345082b1c1437363d1f0354483e1f115535460648493a2b2c2ffda0008010100063f02f45e526603dab9ee3d8d5fd4f95625ff002ae908fd257e21bdeb0b4c5f32c278be70ba58fe60ba68fe60bf1117ccba762e96bd8d2b379fd2b297e55adc2b7b58b0b4347c582ab482378fca6afc5c7268dab175d67b2de260566166167a325801c6c5752bd0c8e61ea422b651aed8fd87f2774aed990de53a490d5c7d0a9a7cd663570e61fe3f26110e6c7fbf1b22b9aef05d1bfc1746ff0095744ff95744ff0095744ff95746ff0095746ff95731de0b23e1c43a1b2330734d428e56e4f15fc8717058bc2da560c29cf7091c5c6bce5d0f8b8ac218d611c7f22c2e8fd21739748ef15d23bc573cf8ae79f15cff00aae7fd573feab9ff0055cf3e2ba4778ae91de2b9e567f458b633fa02d68223fa57e1dbdc4ae8de3b1e846c6b9cdafac56b44e1deb12e1dcb099bdeb55ed3d87d2359c02cebd8b519e2b3a2d697eab17556d5cd5905b166b9c5738accfdf665738ae7159ad880a05968cd60f5ab2bbc56b5d72e56323b161281daaa0d47a06bb805c9b6ab178685892e58059ac49f4daf1b3d3c9ca477ae54078589b87ad541a8fbbd638ee5aba816d71eb59fe418aeafbbcd62b9290f62bb38b877ec55690471ea7245b161d6bf9f4ccc2cf464564b62cfd0751dabb5a56a60edade2d4e4ae339aaa7d1b3d192d8b3599f4a0e6ba846d5ba4198e2702dcf6fa2e0167f9135e135cdc88ae994f5fa0ef5861c4c8ae63bc1746ff0005d1396b329daba328dc6e4687a95e8d956ef574b75b72e89cba27f82e8dfe0b169f0f478abb2a34bc91a8f379a7eff0c4ad672c2a555cde099ef66b1abbbd746d5835a3b9549002e96f7c38ae6cbf2ae929dad5a8f63c6e53703af66650b99ecf6295f6463f8391b75d8668c763616f06cab9c473535c1c311573c9cd5d125e3ee8aae6483b5aab23c3475a89b6704465f42e239cb1016b46cf05cca76155b3907dd72bb2b1cc72cfd0035a2ae3900a289dce189edd2592b6ad28ba3e523eacc7de54aa35674576315ebdcaf3a8e7fb476273ef02d6e6462a0f378b84649b5708c3ab5c1d5e6e8e12d359e3ea39772ac405172b13da85434c67d61985cab7848bda1ce6a74125d316c900cfb539b67634c21c6e5f4ec2f5a1c4de076942d36a21ce7e21832f051c90c6d8430102ab94b53bf4e0b5b59c7da2acec19375b44661c5a365559a211f0b51473948c69d667395d75d7f61c95e6ebc5bf72c0ad60b03f79760613bcec0afbb5e6f6b77671aaf651ded3702b91941ea72c6127e1c56bb5cded1c72e76416e6eed14183066e5723140859dce2220ebaaf457861422b9e8a958c81c773715c8c5dee45f414398083acedbd7b245cf99a0ed27252472bc07b0505310e5ace15a6b04e0d639cd188ea09d7f9feb553c38ff6eab80baeaddbd5aa939c5b7321ed2368b51baed83d90a49432f34e18ee5af2be177bcda8fa2ad9ed10c83a8ac81ef458f8de01ceea8a4b3de8dd5c946f239cdc5196ce30dadd150baf8f862b52cf21eea2e54b231e2ab2de98f5e48358035a360fbbd68633fa563031745ffd8ae6bbe65ebfccbfa9f3274365af071e049399d018def3b9064628d1a386b2b4b9db4373575f11afbd19aaa471c9fa235af1bfb647517da2d0d6f530556b31d29f7ca2c6431b5a70a06a399b0c8754fb0772617eb346228702a3d56b23bb86eaa8c4773ace41014c28838d313adad894d6c34bd5d5013a571631ee14bc762329b431bef90859e273fcd5bd24eef5ba820d36768a0a55b815f67b439bd4f1557a1bafa6d63e85622d34f799795381657fb6535f690f6b3da70a003a82646231468a05aa5cd5e730e309e70f6745428e7670b8e62fe457f53e65cd7fceba23f395f876f7ad5b3c5f2ad5681d83d11ef69e51da8cedd1820383d7762e253de4de735a486b76a94da2ce05c383b7ac05343d8fb4b2fb73155c23ac7f66391bd8a6da658e3f36279833a26be4b25db2b8d2f5715c145688dcfdc0a2c91a1cc39828bac1697c15f50eb050bad9336484be86e8a5130b2eb48c8533547b4dea6dda534ca6e36b56de0a06d8dadf3827b95381b3b7aef20ff295a0cdfe1b706a0c8da18c6e406c52113b1ee60e6b76abd358e8d70d4a3931f6d8d8e85fb19810a316cb3f03149cd7decbb516d9e763dc360d123d8dbee6b490ddea575a220cba680819a7324179ae14213e23cccd8778d06ccf3a92e5f17a5360075621f53a38678d4871fd5b136cd639210ff5e49326f5260b5c45b575ce15bcdae9b447618d9c1c64b093994e12f4d53da84146dda517045dc9e54a210b836e8a62159fccba50ea8de9966b746c1c2f34b14769f273eaf60a3a2393827597cc1cd2ec1daa4a8ad33c379bb43712c4c9208a4788b59dab926c1658dce7579c460d4e779af080e15a541ec2980c66c76506ae3b5dd4aaa7e022636cceab7dea28e9d35367f29b190d0d08091d5031c946d9c00d071baacd27935a0c8dc7fea9f65b631a250dbc0b36e88d9c1be599f931884cfe0380bf4310e781bd79cd9c8798f5da46d1b74364660e69a8514cdc9edbde9334a7d7713a22a8d693943de99049666ce617194ff88d283a16b638669da3cdda71c36e882cb15a690fafc1bb6f5a3c1befdf1b730afc8703b77ac1a3bf462da1de107b0f61465924b9770a354d679ad01d75dc95e3891a5cdb2c0d7440e64e69b3442eec2ddc7462b806da7eced6eaf06ec0952411bc381c6bb95e9300b55a164b2ba7a9070ffaa7daa498b0fbbb1064d3074cd24509d6a2b2963f822f63985ee38762b2be3b0b00b311c23fdbea5766a56425f77703b14d07b2ec3b345c39c4e2dfe7d22d2fdd19d11443d7706ac486b1a36ec4c95c1b2d327b1c83a0823638615a62a6bd288def696b3b51be292b46fc4abd254b47d563800b936d7acac9aa8f1756b36ad2b026e3b76e4cf37e9330e0724d9219048378dea88b2288cacaeab9ab8390f28e379d4d9a2487850d964a51bb48aa0f8f5651b8e355c2c98eeaed5571a05c9b7bcac435069d5722d91a68b8394bb83271a6d0acc6ce430b1e0b9e36042a19342ec46d084be6e2a36570f04e6c32b1e599869c94528fea329e1a2d51ef01de9169ec03eba2cdd44bbe8a481e486bc6611898f2fabaf12744174895d18a3e3dca3167650edc2880d8161ccd9c411c87923ffd53aee0fcc278963abf660ad2cbc1b2bdd7847d5a1e0be4681d1d0d30501b474b705eedd0e91a786606dd38734a020680dec5b9ad55396c1c4104c70f54ff0008bd835998aba620e97b33462125650e2e2ddda25959239e5f80aec0a093d9929e2343c6f88fee3d22d3ddfb8d03e07689a68f9cc1541c3238ab5ba006789efade013e5a619a118db9f1aebb9d1e1dc8baed5a71a0eb503e7e46983411ce3a2cc2c5107c5eb1a7faa68739e68d02a4a95ac61961bc68f0149294231b33e335c79dcd7299970bb60014af94f072b9946c74cd3ecc2971b0879edae83d4f6e8ff867d22d5d83f7d03e0768b5ff006cab3976d8857c14d1c038685a4d240289c7794f3ddc668d8fd5567942b2b2d23cde3be0d4f12d0d95f718586aedc9f1f0758e976f840efc539dbf8cf8f6385547234549030dea1368e44b01bada739794bdd6b1ba1df1b744877447f71e916b1fe19d167eba8fa68b47bc2eab3b1d93a2a2b4d9a2a4d0b2a3840157b78f1bb73828fe2566b35a690b2b5ede24d13dd7439bcedc9d1dd0e89b85f5fa38f0f6d1599c33ff009a8bce2913a1d60ca66bca119f5c61a226fb527f1a2d2edcc03ebe91233da691a1b246ebaf69a82a96c85d7bda8f6a8e1818e6c55c01cdc54508fe9b4355a2c90384ac70bc70c5b547bf8e3b5443de4c16870679b6bdca67c47c6ec9c2e953d8dae6cb1447170192fd3c787e20acc182aed813ed73bc07c3ab7299265b21f5c070dc76155e025e13d9c29e281968d6379ac1b345a64dee0dff005e3e93698f73ce88ad50da0b1a595702dbddaafcd2bcda3fa66588b1a3c55adb2c12095f47994baad7762f3e864a3a5a46e65335246ecc154e344ddee0a0633122ae47ca124b7e4905d029cde2b8c12545ac9263a2737b471e2eac5563ce26ab45a24bd6a75a5957066151fe8a8ec9e532e61ce1656fc8df008dcb53c347b70169faa9618492d8f56a77edd119daf25fe92d94652b7ea3fd0d12d98e6c3787614f8a16b4c950455410ca6af63685703212dc6ad70d854b139d7b58b2f6f4eebc78d7f630211364b81c6e070ec51c1156eb77a7cd31a3199a1340eab0a96081f79f1e7861a186f98e48f16bc27b0edc539bbb8d2ccec80a295865746d702e34198dc991c628c60a0568b5c81a6270374d7152ccec98daa73ddce71a941adcce014510c98d0dfbeab8803ad6bdaa1f9aab937be4f8232572560b73bfe1d16a792e5fd52342c2c1137b665843631daf2bfdc07ccb9f61f072e92c3f2b973ac07b9cafda5b65bb0eb7264d744737a993bb102d35074cb6cb3022d035881eb26cade70cf8dfe3c9b3ad32690136a2dc6beae8709e8fbe2823ccbfaa89b0dba66c534e6f5c27253596d203257bb9390e520edd3e7b630451d57b3626ccccb6f1435a2a4a8ac506334b82e4eae95c28e79d2cb1b0e2ed67f66cd0d7599b19745afca64bfdc07ccba4b0fcae5d2587e572cec07b9cba3b09fd4e58d92ceeec956bf92ebf0cc1729e4db58f84072e562b4c5f1c45616a60f8b05c94b1bfe17574fda7ca56977547462abe232bb7c8f257276785bd8c0b0e36bcd1b7b5c1636b83e75f8a6f702516df7bda450f26e4f6b2f5caea92298681629cebb7a33bc6ee219a21f6494e34f50ae1ecf8c673036713ce6d7aad6e20142df696d216742d3fbe9bd415dea698ed761d8a3e1759d19b86bd59692d70ab4e04231b856c92731c7f65c2478c2723bb4d066bce6d5cfd8d47ca16b1495fd1b7d91a5d34bdc3794f9a5357bcd4e83c31904d21abb933dcbf114ed61585ae2ef2b52d309fd616ab81ec3c6e52363bb5b55ad658c7c3abfb2fb35aad70f5364a85fed593ff0089ba6b2bdac1ef1a2a366e11dba305cbecde4eb53fe3a316ac16587e37977ecb94f28b59d51c2b96f285b5fd8fbab9464927c7212b0b245de2ab5e1843f631ac1554f35701d544d737222a170f10e5a2fab740734d08c884d82d8e0c9f20ed8fff009e9732468731d810539f611c3d98e262f59bd88deac12ed07055f3b14ee4059daeb44fb298a6cde53d58c62d807f2a8301c422cec12c44eabaa3ea844e35909bcea711d14edbcc72218d36ab1f5739aaac938176ec955d6b14ee572c10bad13f56285a7ca643a41cd88735ba6fceec76346655f97068e6b376805e3908f17f5f568c405ad0c67b5a1636483e40bf0e1a7dd710b92b4dae2f8655c8f9525ff88c0e584963987bc0b4ae5bc9a5c37c5203f45f6865a2cffdc8cae46d113baaf711cdb3d96289a0d38495f5af705f6bf28cb4f6611715e30f08edf21bca91b1ad1ee8a71cc769d664aefa1c94c04557c32e7b5adff41598fb8343ad5666f22ee701ea9ff2d218e3c345ecbffcd728e742ef7c61e2ab0cac7fc2eae8e5e18dfda17e159e255208991fc229f7b59ecf1bcefa62abe6acfaabb0c6d6377345155c683ad6bda184ee66b22db14573df7e7e08c933dcf79da743618462733b826c3164333bceff00bbe56cd11eba517d8ed569b3f507d4781583ecf6b6f58b8e58f92a5aff00707ddc5696e6c342a76dfd5b5c37c11b36a87dda8fae821c2a0ec29d3d8c17419966d6ff00cb8982d4b4ccdec795f8b97c57e29ebf15228ace2db336f9cef2369b2f942d0f0cc5cd7b9486def6b248f6fb49d209dad0dcef6053a61698f83199aa7be3b4465ace7634a2222b4c648c73a275db545aa2a715216cbcc6dea114bdd89cd65a1d6788626e7aa1472c36fb4b984dd379cbf172f8afc53d7e2a45ad6b9fe75ca3dceed35e2707037b5db1ab838b171e73f6bbd2a588fac14443257bd8dba31a53fd62a465d6b686b41c432d92914dbbd577f92e0ed11963baf8f67fd5fb2b50ff0009dfb2b319cb4477bd6c9434e0e41c154d3105ca01c1b29c1179653025793f936b6fc975c06178263c46c8cb5ed1568a60531cc8991963c01746c565f377c4e70385c3ead15acfc23f74cfee8fd8fdc092d75862ddeb142281818c1e97c24e73e6b46653f83d48cb890ddcaad95e0f539361748f961a1bd7b1a712e4f1b5eddc5175864a7b8fff00354b442e675ecf1e2c131c9aec7b16c2d3f5567bc41824bdc1ded8772632297817c70debd1fb5551f9c5aa592431191ce1abb69851583969f5a4bbad213b2b8782bfc34faaf6f3e42eccd36a0f96d72cad8480c63a992b33200c2f924688e88440de79c5cede5416669c46bbbf8e2dd8da5cedc02067a40cebc4f8206365e93db7627d35a1dcd118bba3042cce608653eb9c9fc6a1150aa61e0ddbe3c17d9ad23b1e17437c7b86ab9586467c4dd02295bc2c032ded5c1da1e07549aa477a63bc9d3f03333112b5d7abda85b21b670d6c181e1051a46e4c9a696181f0e3135988af5a6c36f30c36706aee0b37260b7db9f3d9e3c446453c570c248c3c65af7a9dc8b6c2c2e77b6fcbc13a495c5cf7624954634b8f505a96593f50a7eeb96923887cc55662f98f5e015d8226463dd1e9eda1b93339aefe1092d57783bd7755ca9141e38a96ed238c1e79cbb97fd9be5175698324ff005b3ee5bc997b9d96e5ca3630ddcd6ae685860b072d595de2574f27ce5632bfe62b5dcb12573560d0990ca2fb1c695da3f249e9ce68be3b902f96f76628d9aa43b9cdaed5e78da963f077515c0ca7978bea37fdc4567674a359c770dcae9e768d63a39ab9a17342c90db5d17aaa29a5158c3b10816e20fe46e69c88a2bb71a2e1bb52a3999372913aada2e1262c0cbb535c93ad5e4d14881cc0d53bd09613f1376b4f19f23f9ad152a499fce79aa36974af0f0ea36eec45aecc2d5695b077ac5e173fe8b9ff004583c7826645620abf687bdae2356eec45b9d0d1704e3af09bbddb3f24b436eb8de37c2734b591823329915a6db249641fd318292c90b4747758d3f457a22592370734fec506ce78097dec8f7aa8351a6f4f2b231ef152d9acb79e5f817e410646d2e71d810129a5d17e43d6a6bd13598559be9c762749b4648d5a1b2b30701fba7d1a780762c77f09d1ec919fb7e474678a89f57677705d1d3e32a33504d2869a0be4bcc948e7b7f946d02171847acb919a48fe17517e29ff0045ad6a97b8d17acf79ef2aecac731db9c28a6f39d5bf4a3e95525d95baf4bb43cec531e6a4508345c9c6076ae7d3b02c657f8ae7bbc5739de2b095fe29b57d7b55d2067b11befbb798401bd4f6679e1257329702b29f7a9f915c1ced1267863815806fff00a5230ec35d347500182af0373e03451985a2296f068c734db93c81fb4e7542565e7ca3d671c959e7c355d77c7fe89b3cb2bc3df95dd8a27c1238871a51c9f3ee70668c015cd592c97350a84e8c67749f01550c05d76fba9547959f2de143156f5c9aed77e3f914d3fb721a760c0687dfe6d31542ebc46c0816b4b6b81aaa8cf768b30aed77f09af8dee2d19b09c0a8dbc1706c6639d714c6363779cb59747b3daab25a65ee344d16899f206e5556a657545d345749d56b050227ff0055ff00f2b0038cd518ea77ec8106842965075f80ad7ae8ac9fdc1f90c94cee9459b5aed0d68dc5c9de28f52bbd74d0387be0b722d2b90b4b4fc6da2c3813fa97f487eb5ca4f137b2a542e12991cf241c28aff08c6c84f2979de0a07b1cd33e4687d5469ff891fb2ca9dab17f82c5ce5eb78af5bc5739c800ed8995f65dfb281b6a3484bb593a374915dbb8b6f0c9422035884faa7aabf9148c7f444fd36155188283f60c0aa154deb8470ebd1439716cbf114d966bce91c4e4ee6a85d66ab4bb02dad7bd7fee87f1c7ee4df81ca086575d63dd425746fcbdb2a18d8ebcd6cf40edf8fe457e3e9d9975f5270764d75068ac669ee9155b3b820182834dd3c4b2fc455ac6cd5fe57630295f9ddb403fb2d46b5bf558ca7b962f71efd383dc3bd1d727b53af6c8ce895d537b80cfb9593fb8389526816ab81ecf4d73dfcd68a94d14c4eb1ed3f7765f88ad79591cb5e52f66540607b249b696ee5696569ca13f40b2c5734ac96c5b164b16394d39a8a0ba30501b57437b59169b5404531d6d8a130745c3eaf657492720b0c211cd0afc268e40dd601ecd16ae0f19b7d2dacffbc91adeee21abc2346972734b40c2a348d365f88a0e9236c92926fd730a0f376b6394e6d1b949fdd3fb0568ba7d9fff002140e66b61ac4fb5b53596594875dd7014324edbf21ad49ed52b0caf110948c375531eca39b4d52a76d95e4c20e18f8ab363fd26feca065a4d212ed6449b2c79284426f4427d53d55d22089d76adab8ad6daaba197771afa5c2e1b24fe132419385745199d56b3dadecc56b173fbd726c0dd00712cacdb5255af76aff2bf40527f73f80ad1fa7f609f519ca69e015aaa3d6567effdd5a7fb8efdd5981c0f06887604287ed618ce0c5035bd5a26cef701fc282f12d17c621616bb50ef5fed53dedaa697ccd9aa06b3451349c9572544cbb8b5e4070f4b9621cecdbdabcda6c31d5aec3bb8c5cf3468daaa70aecd24b8d00cca7c83a31aacec42395dc1c8d26f6af39402cc6fbdb9ba9b372843b9ced73dead3da07d1411bc3daf63434b437eaa3759c1a35b4bc452aacc3ddafd54f79b5025bd4dfb53719057dcc94d342dbac71c1595dfe185f696d626497bbb6223ce36579a54af85b7185c4b46e0a97a92d2ebfb5538327adb8a699185a0ef42b92236686cf3e439837fa61b4d95b577aecdfd617076905ed1857685c9cadecc8e8ab881da55d8ab349b1ac427b750531642326f59ebd35b4481b5c86d28c50831c1b77bb489a66d2ccddfebf52748fc1ac152a491d9bdc5da23899ce79a26b1bcd68a04cb40e6c8287b469309e7447e850961e9d9b3da1b910e0411b0e812c27b46c29ad73b8194faaeff345af6870dc556290b06e22a85d73c5078ad56d4ef763e9b82acaca3fdb6e05725383f185d3463f5155b45a09f842e46300fb4713c47cd1b1d2c6ecaeecea5f8597c16b3033e2283a73c21ddb1068c9799c27fb87f8d3e753b692386a3770d0f864db91dc53a299b470fae86ca316e4e1bc26c913af31c2a0aabf9fed0cd722e6bc75e0bf0cfeec55059a4efc1431c8ebcf6b40278d43e95871093905486ac67d4ab8e91c5a3ad506b336b4a6bd991e2ceeb30265a61446b9ae4a2711bf626cb351f20df90e206bdb964466112d69959bdb9f82a3850f5a95943e6f4ad7defc9dcf7e416ac4dbbd653a0b85af78a0542bb95462026baf1ee392616d95f21a62eae05616560ed7ae659c7ea5cc80f7ae56387f4bd1e4a8e1bc57ebf718b41ed1f7a7d2dcc78ab4ad49481d6139f11264c8bb70582c71aaea5754408a6d57a69283ad52c30193df760d5f69b41a7b11e0161182779c7f337078ab4e042cf50e5a3042ee6b8363c0bd86b643ad5fb53ccf27bd9782dcddde8f53e9b8ac3151c806ae47410d429984299a64a5d5176b7952ce29ef15c1c9ad5dbf9acaf0d04d160b0d1bd08a6ccd6a134c75735df45c23481d4aa051c331f9a16bb22ab65351ec92aa623e2b9606367d55f24c8e1954529a0b246d5a5612380ec5759b733f79968cff002fcbee32597fe56fffc4002b1001000201020405040301010000000000010011213141516171811091a1b1c12040d1f030e1f15060ffda0008010100013f21fb562b84b27ca378ea49c8fdbaca5a0c6b5d74b4f3e84f89ee2c93527e0749ea72d4bc8cd7fb6dcf9887c4169d143fa0f9953500b830ed6f7c32f7b967fc9babd56fe9100fc6a8efc7c5c93fb1f1cce6f4c3715806d7acd1176fa8050b2756693af52ebda5f23c0e3a9c3fe3e607479012f247cb91f6579e2171c5bee7e1ff0019dde2cf37f4f49769e441f4f393fd0cff006d3fd54ff753fdd4ff006d13d7cc4475f3711d66a771f1eb0cf832b4cdcc9a7d9e8e5ff01435669afbf842d09e81371634122b065ed01d03d5429eec5f981343d902f61f82732740f003bd0bb93bbd2db8e6dc536e29e77c2f20480e63d67183d4c5bea904ad2ec8ea87a2f99fa0cee420d9a6a17d23fd22d3521e71f8c89e9123f706df709a3df0d16980f226bd7a22b57d511d05da2365dd8ecc9e4bb453fac5a0afe49feb4b78bfc96f167fb12afc900805fd61c65da3cb890e2f5437861cb451cc779b57e11a3c7992a8e6aae535c70c65617106fec2ed02c867c5971c84472d69b0ceb3827a13561dfef168b74971b36fa4534601ba1bc0cdd092f4df28a238bb46510bc3d3e70d093447f8f1ef91acb719cdd63a3d429a9d0e58ff00806daa8f818fe3680a3ecf2855073e8c60e49c1761d11bfad4a80de194d3d7d22d45b776b1556b6fdda3af9913db1e2be51db83c1eb8ed822783a45b73fcfccce70e64e84cbd2a75353e952f432b11571d0e3cd9786dfb571acd40c4b4b63c1e763b548ac2baf99f74a334c25cf1fe98fa10d72cc2ab6ebf64a1ab5374be91363bce00e915756ffe0b9b81c9c4dc8bd5983cbc599d987d8f37728d82ab2df889a274268cfdf04d2413f0ca9b8ba2827fa8449b46ca16e72c319a2c6600c96962fca2504f581d57999a21eb1d7ed995fd0be2d82c6c33b7f3e360e041c217d812b489bea7421651b9c3005fcf33d3f047627bad119a6ce018e8dc7fd4dd5d444638d423e64762e93796bd9c2554cd9a582f1d89a50b1540d0e71c342c81f36535af00d7f287a3a849d5fb20be2719349ab2ea4f86027c8810e7b547b3119c6a24d34f7c7d83526d032b2862ac3c597c4827a4e64600f1c7987f2132504caca4e1c702649dbad3a9846a7ae9f47081a3ab46111d33f17cb94d95e76239462f61ead5f8252f4f198e8478ea445c7da0fce0ea3a677b78a458f8122f3437038464b2a07717846f988783c08e4e7413ca6d678183f774d996564d5670fdaf0c484a7153c65fe20c86dfde32feb4d2b4b8e2b8dc17ba5f5fe63abf3350c9b3de258093f93ca457a8c1ec1ccd31c9f51f42b02c927834f993453e307a94e61f5b015a9386dd3c1ec835cbac3f4df35e2c2dc8a0f9bd6523b7541d50c146088b0038b2dc884cb08e6dfa132b06cf479401b8ed6507182d4f8150b66abd1298e295ca199adc10e219775ce8e2546335c48d0ed3dd259ad05b65d845b1217eed0c9b176a48a43f6d8fe13b8a2e691d14d4faefa9e572e1ba3276df32a9ac91ef2971f9edcce5e1606987c23a9f595d1572ccafaa776af362675737f4fcc44a0f4f909a0840283f8904a4b27ac489ece8a9c2bd3f245f43e8e3c030f2f0a336c838fdb6f0c559af093dd5839f85ba6ae386e40d7e645bd5b8bf896a31c1d3b2cad4fe27d6d4aa49ef8fc8a21122b08121455fb579c8e74c25d8c75916d4ad76ce5709a5c19ce35a86622c1ec3623e2c9ab925de2941a7208c4632d84e79de5b597133fa3f3285a819f38d7bcb67f6caca9461f47ba2a520c3caf9d30159389bbde0a118f9fc4a38fe2cd13510eb70372cc455b8f47c1c3508f1d4fae0d3c2c1ddee9b93d7f24d3dfa97e6680fb61d45f20fb4c6c79e37ec5b1cb981002ae0084046c1678768bb885e5869712fe254d7114f0f986d10e01e1430aa36d36e17ca003c441ff188b3a6861d52f5a946e39d4e086f59d38c05db43b12009f97e8fccbd170f3cc758f3b76769e0fb93593da5cd050a5795cbbf135c15abeb0f313b7cca884d9faded06c5502812f9e8bb2f81c6295bb5ee6d701aee872308bbff0041a4cf9114cf82af11378692b36e883933c20c5511b92f0959bbba7e3c13733bec3f27c7dd719e677bdabc05ee562f75fa7ca391cb5975f26f297ec6fa57c3c772ad0ed2ccca874340d7b768fc1b63597304daa181b412ec00cd11f459d0359c7bc51305db26ce63f46b992d38ce3c6e7ec2623907bed82cc9c9d161889e70ba81c563d692e58391a41c163d956c5cc055a1994e05873ced61000e1337bc53dc743389726d4113280343292ba25a063a7aa6c93e70fd7c33a5a9b346ab1999b2af90818faf635f3dbc1c4a76e093479c3959f70845c06b1597b2de3c3429f897a54a18ceb9a5adf0af78293eb39c80c197cdf0a0461be4cf053f730bc729359c58e5835ab581b5dc72652b43ca1183a0cc71070fccc567063438cc0629c5ed38ede0e2611657879cad2555caf9a8f0422a8355970f01dc1eff0089809c299fef061d7c86ec271f9d5b14321ed076b9dfc66c8f4bd8f09573235d54e31c1be64b6a928028b4af13b5dbe733937829632e37de54bbb4e843f5d626d4c7a87a578662f42387bbf714deb57ad7836a8f346a361ade54020b230d83859088950fb939b9a634da0dd80ac8daa2b6d415f24b1205d88b579109976fa3075abbdd91da41aea24acf132d771195be30beae729f369f39d2132d1c47b772464e7c20e1292562e1e9e1d9c5925f69583080fd022ade2fa8e3161837654d5a7eb89672ce8c366ed2dc3de25c6f1250d04c95cc8ce42352cf5893afa164568392abf147d1544bdd0475163aafc2783167031d14f9fb8b49bf983e15274f284cacf2370dc9694a0aadd34ede19aa3a166ef3fc109026acd7c25b901cbeeca8d81a38f3fa2d0cf59ddf882400ca6ec0c57715794b9f111aa1c3cfd3c15bf956186a5430d1a5ca70dfc1c78832d461ae3fdb1852014a5f1658dc29a011d8fa1cba3c36d145ed29b9bc75950af5961c2d2cd2e9db112c460b28a8d64bef3037e49f8fbc9a1b58bc1bc00312013997188b0a46f48d68ddae5acd0a05070d8976339f47d4b657e736465d305a8f2779a156e508502f7f04771c85cdeeecadfc028b486a8e30ea44a5539caf19d0ef965c2c65d5f48d364d548f3262179073c4f49b5a23362f7c4d920866d5f6f0b0f15efe1a9fbe4fb8a6704f4f83ae67c5e032a06da8bef2307cad0b0e339be89c2cba76fab3ee057c4a1192cf26e507c28b6bc2f9e9f455535c3d6b050890242a129b95194d55fd56fba17523b7b4a6ed2365ac756ab4bfdd25af8079783ae77b9f7480295ce5f22fc33ed3d7af0775c80e6a90ecb90e8cc91ce828e33cd945b6dfaa8adc7ac197857d2672a270dd761e7f45eb7c7dc9644412268e2660fad62e3ea12e76f3a38e105f416f2df5f584d69b39aabf3e1c591f21785bfdd0fe9f71fed7a540a0ea451544b6655d67815d8e90e78e3c705c7206dab9110a50b4037e751d99b7d7f4a8ef7afc6392ea0e5fac7d17697e8e09531783a4d5f98afb3eff005db1c9d5e6de2367e212d949a361cbcb594cd91700a3cbde60e85bb27eb84e81447f27c3fc8b8bfb9629a2b745b3d1f0d06f2b9365675bda1ba75b2ee3f9334daa33ec200de2b0dc0b5eb6ec4082554476dbe25c2d46bea72bfd50b0a54fef48963592801cfb7d3b813403bfbce7a0f93ebe4eb3ec43ebc2e975fb7086205d90d0f35b34808250ba7e063d6a0144f444efd97969f2f0b48a5de747a1f7345b15bec3e9e0b13a7fccf5f7996621d68e69e90ad0b437da3e480d638d2c92c522ac3afa4e40c7dfea6b06abbb83e62b9b015d02f7a660a9eba975588f05682f94d1d53823c18dc017b82e9a77cf83c1fa6dd712bb4cf17a5398ec74fa8cc156beacd7484a413f095c413e012f6de760b5b6d4593593dd7ca34b686e6c21adc0e6cf8d361fcdcf4d2a9a3a78057a45289fe9625fccb8bd59bfd37d8befb13de39f625b742ef82b9327fbe7cc04626d1fa9c5e8ebb6fdbc15abcabe2f5fcf682105626e78e7a3f98a6ad71846382f7fa4cb1abae08d6df8265108ac2750f6bf035ec0e5ae0dd1c21f5029474eb2f4c1c2d887172e7e36fed49c077387f733174f27d29615406ec0bafe26f7abf111a0023af23817e25a6557b6c79e7b786fc4593171a73f699bb5df3703068c7ea73947568ee3a309ef5a3dc9ba399f3f57072657be84bda6a65d5ef9e8e87897e0b90fa4fda683ccd4f78d8802801cbe9405ad1ce7a2f69ede8335b5fd0c11ff00410358f68daa2acd3b1a7c2b2219bf427b7d0ad5c40fd4ff00261957bde7f1f47ef20cbf046e9d66fdfaf4f1a1744ac32117151abc0603ca61a3102ef73cabc4f71546891ab32f48737ef39460e7fb17c5881568110e0ad6f1fdfb4a798a7f3ff7e7c5ecd31bfb413fcf501e1bb322c0345d77ef17adfcafc4f802fbcf457fcd3dc4cfa81a1f951aaa7110e14744f90ce155cfc6e6fb07dd3acedcf49e4d122f9cd9df3123607c17bb3d2c52f4208b478fcb4d5cfead601b01a9bf8981ab8afe53432dd0631db35a35de3b6be7e0d81d68a461001938fc1e204c1456244a48b0ff00625fcee87a6929cbbbfca70a1537bf69562db3926201406de22c1d19886802a3aa19369f45bb1e5f41a53647dce7394da165ccdff748d730bf833dfac7ccb369812fab6ed33accceeaf17f73e2dabafc6c97eb444e0fe79f8365386f4777b40a313521d49ebf2a7b0408e59c63d8d9e46afaf59c81da3fa993bcb13f5d3bab306d3bcb1e65cd6d7805f97d0ef28308e2438b0d98f3d651defbdbe7391f201e9f5b414f2d6b628f2f888529d6532c6f95c74bef22bc172a57e7aeaf4f1a903b993a4181c27ec10103e47835ede26be703b64fd379533727f95701771f56b2acbf9abdd9c86311e9288388aa0ad2f7ade90ea6757b344d5e00f6f85c0f58d38cc1df7175de5fc48252592fed5d9779935b4da499b08719bcb12bc712a53f8de9f597a9ebef171ddd8d2889d094a70a73bbc0520a90b1268a70b3f97d9f422b48f13c1a8693dcb4c55edfe22ff39300086dc156fb4d531886b89b7694371b06974a0de2ad3038d7ca3e2ad60d3d3584ce2d381c5b8039d46c71cc3962da0c1ef1c55b58d0736b35b29fa360e6f5940378b63567ccd23b96807f5fe22e7e282520ea22569f16fa06b037b438aca81a86327e397dd06e243aedeb1d6404d85958ebba6598e9ef5e39e5f4337765de7ca2407d86bd1dfeb61770f76611bb0aee8088597729abef52c41d1d00babe2d7b4a6730c283429fba4db5ded28bcd7ee61689b2e65262344850156a73c67b412ac641ae8769a3f781e3fac01500b58fef2dcf476ef36b581bf378bf77623786a1e52ca370d745ba8f13b74258a497e1ac37d6be85ee7b3edc22bd95f6fca5155cb6bb31f4e83ffda7d18370a5ea060fddea3630b9e48f5b0b8b0617d9f282bc3537b00360cfa4b432aad42d91d233d9b47a0585ce180fd01641bad5e72a7923344dab6c92d423e31ca3822e970dbe5f48f6ed2d2c5ff5bbfea114ff00f59c3b7deda5601b6adfaf8278b5c6a3925cb5a7376e9a7d4e849a8ef2d809bdedd3d206d470afea7e259f7c3e8d634e3b8a7827ed22eba4f0e50086bb2c6f2fed0b874d8f6db2c93e0728cda4745d9a4e35fecd4e2c0b9a6b053da945ad2d799969acefe9ca68e71550e9bbbc5209b92ce4e12c95b4477a3140f0e0be863d62670717a47e676ea0dfdfd41ea8309c5ca51deb5916fe209890dedfd202864d3972a6bf1191832d585e82f16dc3f84811ed06b0e2c55c8d4f5d62d2de1d12c37e9cd36f4297b62eabfab4d7d7adb03aaf481ecef3401da1ee30802ff7ff00889f22057f114c2c5e0fbb9c22e9517a77afc4155b1cb8a3b335c234aebb7f0fe0d43600ea7cb58de59ce6769087b1ef362581ecef3fc18b7e39b90e8cc39a71115b57488961c38c414525b1c7b6b1c205626e7fc3d62d2ef119622e38d6fcee606c4ae87c6d2896c3bd29ed2bfdb541eb0e8e66591a23d03f53c14b6e4666bcefa7811e53459a2b594e7c4379aebed35e3ad1f0c129c714e38f96238993a334953453c295d7c666a2c58de3e55e69ff00476ff88c2d3ee0c9f9589461b74f399ef7e7b70df4846a5f100d7ca3e425461e2104370d795f943624d1323e3d34024a410c4a0bcd6ec627d41dac1d89387a67cb4ed08c238ac99b7b9f5fa9656408e0e8b2e716db19d072fc4cbfdc4c53c5c48f7b94573c8f9ff8696b758d14975c764a6a01d5f8312e802d68b31e18c5259bed4de16174a4c51bf1a8f79c10351de17c4405776f851436a346a8cdf3fdc5eb0a6f452c5578c662b73ded06bca540a21c151de60ee7c5713589df16d53be05a177cd36f7c10ae5e8204a2aab00e3741a1d9882e540174ba5ba15af194f6feb09ff0855b916f23c302caa703878c2b365ce2d7e23ddb606c0c3c8e678d8ea52f054a46c736e1eda4453b32c77be9adc270dab43b368041945aec094035666ed2c87030d2b556b3c62fcb3716eb523a8d04ee2fc786a4bb41374e43ce721e710dd3250ed1f7403aa7c20d23b9c316428686c3c749877a378297ff00058a1f6fc9fb1dfc15842d204e8339ebe384d7b50a279131d43adbd4f0400a9b0bc30e2cb2b5f0a81b0c69915ce519e8935056572ed59b0ae762698a03d2314d60d82ddfb109a5e0617771006a08d357d5e918c830dde78a591626a31118557af166777fc1bb047940dc9f939fcf868a163e26837fd7e21d8e6bfdeac10dc1e53e165924acaeda402a0704f5111cba3f991ec9d6fe9282bf97f0cb78c410511197258094fa2bde04b9bc95ecbef14815c55d135d279a6da3a26e078a26c026427564e73122418008968ae7ca257acad4fc4c61238da1ff0005c92e3b01ebcf63f309a80b137949176f45de153d7073965c2af88da8536eb583c053abf483663e8fddf0256128b562e9fef1978cea7301c5065cbe85671259c4f0b29c010df2be39543cf81f11b568ba56873eb3a48fa0d5ff0008aa285e9c5c15bb762aea20112c75195e84ce13b4b9599190d5a3c69d93a7d1fbbe04a973ad5ce1085529f2d661ed073a3773ca69279613d669c55d565a68b3d2614bcebb9a612f0a7486181364de2bfa6d7420dd61165f157f7ae3529b910f0ebfcf3c6ab1c311d8f2f15426a662b078f8feaf810881921525e3ae2a0819bb775c2bd7e664f2a145e895e932528e0a9a379104d8779fa99fa9886c7a3185f2d7368b138379bf4818d939695cf94c8384511fd6d194a3c2f6bc54ba0b58aaca7fb5e72e8cb5adfa92ec512ff2465a35bea7e4fbba95d67badf68ebe3da8237fba4f688a54c9c06fc4d072f1fd5f020664126dbc070c54bdb1789e3aeb0ada101cd4e21822fa6a2de67787b365f03b77a84893bd394708e0dbc2ed0bb6d80bb194408654bad1caee6825fc594a3b15d63ac1d20c1d683cfd6634e1c6d0f1633484651c046106722b8f08481c33d6693bb99750d1d8d7f9f77fa9ab4736c7e03b9c96aeae7a0dc9324d73a1e93cf4833e1c0cd58eb1081d2d8bd82582fb5e0872e62b5eeeb1fac1e67c049c50116de17a45dcbe14435ce5fae7edb8a02cec9e77508e5488ecc53b0d540d11290eb0520cbeb73acb017a4cce157ae23413c0e794e5119c545e601d194142db5ade585b21a3368a2ba97fdfddeec2761920bb55cbdc2fa85a92d53452f3b6a1cfc4421ad3409997a03c1f9d65f8902ca97095cabca147628b2973412aad0f47a54041b79004bc6212d35b7ac564bdb8ce3bdaabce98490693d9784a21a8b72ed7fa8b542a252d156f5865670f915f1386dd55dbcae7a9e52c20439972d359d500ea622575855a9c5d1fcc428bc0a32cde2148f13ee986e5e9106eae02499d4d5c7ef2ef4e43f43ca027f661b8c00bef13e83e15a7f1a2598560376f596183dc0f53d9e26baf4f409c66c5ea703978b5a45f338397163182bd226aa50eef8147613347f7d20a8a57577edb57882ee1fbc7adc5025747ea5f08f99a90a4f0a79ba2e8f0617a10d95e5a23223a85cbab3ae23a4506941dfaa3ac96b912a1ab9d5787ddabc244dfd883c65cc770a5f481c00e50a0e41f9982738e47bfd15ab5de4d6c8de3b948a94ffae92943eec797782830d0d8e44417f365e9f9f8e904c9ab6ef37dbc303467e4ccf4ab71c4e5e1688b8ffaf38602806e4412f2ddfc62ebc0593f111ca764120af714f3673193ba1f57387dd0b888e35f150e82d7845cfc59fa10d3c3462f87107b7088975f5fa4f91e78ce539d5cdcb9e6f586871bcaf343e14b29e59bbf41c65fc16fc4e02307aa1a2036152fe7c5460b6dd4fe4ab7ee80992e386879a9ea585c2bebd46c5a96c0a4c247039ab99a74b2c3bebf02dca60735484e33daed3e47b4a34e9945a9cf0cb1b58eb511fc0f4da1814518387f27acfbbdf20c89bf02d9145446ea9ad7096d686014e655a408a0e8232e993496cc239f36e57c71d5458ed70977d013bca37ab57ac00a0a381f6b446ff7635319d329093988242dafdfa32e2d539cb6cf3000bab84d01133383d19b9d2280a0b43880051f6d571387de80a8438131185f29f0a036f87621235003c65c7a30e0d55b34cc52d4707d8806b014a5257da69277859eaffc0a3854c97ab572ee1d4afcf310b790c1d65685aba21f9763823b44665932d5a5f01558d89ce31d25e1fd802e917ae26b9979ff00c23584e91de3e2726274620ad9d00b2a7587460af0c11cdd661da6fb184edd96d1adaaad357f906d141f9438fc907b5f5801a7fcc53509cb4e5ceaceace6b39aceace5faf820764aff00caff00ffda000c03010002000300000010f3cf3cf3cf3cf38d1a47d3f9fef5f0f3cf3cf3cf3cf3cf3cf3cf3cf3cf35ef7db9d3cd73c97cbcf3cf3cf3cf3cf3cf3ce3ab80b694be3d004189bdbe013f79c3cf3cf3cf3cd3afceff00ff00ff00ff00ff00ff00ff00ff00ff00ff00e73cf3e3db939f3cfe7bff00ff00ff00ff00ff00ff00ff00d79ce33fd74ff3cf3cf3cf3debca1fff00ff00ff00ff00fef6bcbff1cb6d76f3cf3cf3cf3cf3ce96afcfff00ff00ff00f1493afa2000b4900fb4afad7cf3cf3cfbef2d72edfed24b10b2ceec7cf45f238f04ff005c1c8cc73cf3cf3cf3c70032cf3f698b7cc2a2c5dbce1cf3cf3cf3cf3cf3cf3c8045173bc1b4514c8b0276c8138f3cf3cf3cf3cf3cf28008e0b7fcd3df1cf0df1cd8c73cf3cf3cf3cf3cf3cf3c42cf0ff3ce18f28b97f3c493a28f3cf3cf3cf3cf3cf2c604bb8f3cbcdf3c194f3c546e20f3cf3cf3ce34c30e30e24f07d3cccf3346f4f3a0acd0cc30f3ce3c71cd34810810d2b2a80bc21cf23f9bf38b34934e3413cb1cf3cf217e8100f10f34e34c24324538f3cf3cf3c71cf3cf3cf06cbc234d3c00852443cf3ce3cf3cf3cf3cf3cf3cf3cf3fcbcf2cb1c0479c4e22b0cf3cf3cf3cf3cf3cf3cf3cf3b750d3cf26cfdbdeed7d3cf3cf3cf3cf3cf3cf3cf3cf3d3aeeb4e187066ebd90d3cf3cf3cf3cf3cf3cf3cf3ce1d6d9a08d10c6b000e94d3cf3cf3cf3cf3cf3cf3cf3ca19ddfa64320393a4523053cf3cf3cf3cf3cf3cf3cf3cf27bd1f5df04669f2cbacd3c13df3cf3cf3cf3cf3cf3cf10ae7dc7e1493df6e32c6ed648f3cf3cf3cf3cf3cf3cf1ec7d99cb0873cb101247c1b29d3cf3cf3cf3cf3cf3cf2cf4def1d1c820718804214f3cf3cf3cf3cf3cf3cf3cf3cfc4e0eab11dcf3cb1cf3cf3cf34f3cf3cf3cf3cf3cf3cb150aba32f3cf3cf3cf3cf38d3cf3cf3cf3cf3cf3cf3cf3cd5de67d7cf3cf3cf3013cf3cf3cf3cf3cf3cf3cf3cf3cf3cf3c70cb1cf2cf3cf3cf3cf3cf3cf3cffc4002a1101000103010509010101000000000000011100213141105161719120304081a1b1d1e1f0c1f150ffda0008010301013f10ee4a84ad2a4c3c0f9faa00d5e7f552ec8f32a4e27d287cc6b5e74a167d0f8afc9faa1e5628d961ebe10043f89a1fdff36c8571ab8e5714ae3548d0086a696944781f7ef91409ac9073b7bd6213d68591e559817ce83209eafcd6f0ae0fa1506074ae0151b951b952e8a9b474ae0ba5395455ee34ac49455e9c6b237717b8b79c55cd2ba140c19caa7be5025a1dd3b13b36d7f21a5208da0ac140013a0ddcf8d16b1dd6511b108e2693a51d30a5f752d4caa7b88132526afd9b15e133e7a7736699e54cc636709e475ae0fa95c2f52b85ea50f81d4a1b0f766d81ae02b49249567e6af5876a50f955a0dab10c722b20fad244b7a189878de898042d2f0cbc2b156b682075944563dfbd6886ac3f1500931da26f7dca76c8ec9841e156c8f31f115f0b7ea959f43e68dc741f341495d127dd39595ecb88e469beadb6ae600baa1843104dc1be4e7c68cd8327f4f5ccb450132440acbce1a02e7706e3f7e9ecfaa8573ba53bb7f79d3a6abee356cb0e1fa6b3ddc3a9771570cf222f7dceea64486898bfc29255044a5cbe93400ca9bca2484886f258dc2c620d38d1292717f9d795988b5392434b170926d3cb7d4152b11633acff0028b970881c9771ce9c04278318117702c9a227a75a7da29b17a512f1c49817f75a9189d6d70e1b51391722c49a855efc30660dc565bde8ac913f5a9588394aca758fdaf8222c8cc4c7953a29e441ce397bd69836205a4cfcfcd1a12c1c5795f4da40466f1623cf51adf83b1f7f9d16422d29307039fbd13a486b8f4f02b1128704f972a12bcbf74da4eea34f2d05ac123772e9fb3b5e7420c91bec6f38de820836a6d693dbfcabf4bb290f4f0318ca18633146537ed422d35e24bc905cfa6d75d5b0be90e0e111d80382258cd2332ceae7c134562c79ed63874fed461836bb5625d75e7b162ed4b7958e47cf7e36e760d305174b412fd4fed36ccb927ab5d0f6e0ddf3d9c83de6ff00ba86c51dd0d2c775672f08d0a02058efe643f2d593e348450a43c684b05433d93c72d2c944d6209f3a4b5d0b5d387ee152e07c10c33465f655950d12bff43ea9cc1e6d6993a7d56a93a3f14c4322a40407af82420ac0349c5a9543d82166dbad66a0fdc28d5f4d3a1e9a90378f071f500968c59a253bbb0a39fd816af83e0c540a19148a1d8e0e256210f2f9a535d01aea2ae647d9f06d5765ac6c381aed41c24f7ac394030521c9500c59d37edcd4a30dc8b729faa25e5178e7fa3becdb329d970ec32e1462751acb3ead67c2bf6fd8864f3a36a04594b4e9f35224cc5b8e97a2af217efa7c50ec0348a5dc81ce5cf2a0c0d35899a10137e0db83f534a6106d2eee5df98958450c24b4ca1f3c26b58561fe3b9f1719de5e331ad6a3091b8e8b367d669011443e639feb5408224ee089e55c7e24c1d7e26a696f767d6de245192a710de7c9a52c16d7ea9604b8e1c2d89d3ca90980130b78fda4cf8bb0a2a674e5c29ea80d045b70a89c25e78f0a91a7ca44e304cf3e79a4d8a4ed3ff43fffc4002a11010002010303030305010100000000000100112131415110617120304091c1f081a1b1d1e1f150ffda0008010201013f10f640d988234678626e93be5788ada1da09e198c498471f1169e87a2e592c97d069b8acb952db7bc2daa9c83c4deecd0123b8afa4532b39239a3ca79caf32bccf396e671405a41da8075cc060bd4a9a4bec72278271e7ef16ed1607b4d3dd0b9ac7aa0eb14e8ed29f4835aeaa05b17b2b96eff90747b40ba41b68485bb03cf483da00d3d8c1bc19dcff00cf4509dff8f6903bb00d082d89da9d967619da949edf8950cc16e442857a9ba10f5301da03a10175a4483abdb1182bb0802d7a66c8747883ac5f68be9886d3312b0fa94ed0028e82d0b9a7622b687692786546c86d18f489be96fc4d010eeb702857553b4add0d9b1f9b4602c53768147d48e0d335797d263bf5d37181dd9b37b86d944b35a4d37c72413560e7f6fee545e16f0eb899a153de28aa8cb7f69ad1c10da64804c99a6b6f312b00d6fc6d5298a96f3b15de00d8f86a2ad308987bc1dba196fde36c5e6b24d3c9e7ab0597859b4dd1baed7dd9a37f11427f3bc0cc91d31807c248a8bed75fbcb0bf3f19be0e8099074fea567d756f8e0eb9fa2b1aea789c20743dff00787d58e686aff3ed1a0a53f04ea41c9ab5152f9fcfaf5617661d007f5d3069cf51ad1ae8df116db7ad3723f9ff00b2a555e33f070d43e62a4e3ad004aa347f2d0ff7ad08058e9f7f40bdd3504815f0b206b91e3a83dd2fda3aad5eb553626db78e81782538bcbe5febdf4987d0e1a91c35b838fa3f686510f3f627d4f72be9d01f0f1fe4bf2c4e6c8331366b43bf788dd47df0a5fc6668f9b9184a1f9ab45b2e8f480b63c1059de9de89e910d3f092ca8a9f4a0e18ea1c337799ef0468c495999d6fc232e33a201ce61b67a2a5f988265f997e65f47e1b3f6975a23192300e7d182768f13ad2d15bfdfe1bc19a465c6107d017e1606525200fc3d40ef06a645f4445b75a01c4ad494ef2dde1350af455aac97633ef694252aa3129f41d6115d47d081683e928d0745606039807f58843a5fbd5a6b1d18e08469ec80465394c7684b86b7beb6b28cc7d05c2b1878f976a774ab95dda7ed033108a85aab35d2026afc94b82c1898308a30601d7e9f2d733545392e2db56555ff212777fe87fffc4002b10010001030205030403010100000000000111002131415161718191a110b1c12040d1f03050f1e160ffda0008010100013f10fb469a03659ec25a5871b8fe42bfc7d16929bcbd96bf51bf02a0a41d3dde90793a7b8342c819b7e4afdb3e6b9ed5cbe6bd80afcd66373bd835370a8099ea8fcc50cb27234224e224785ac15387c842b193c1b752dfd48c6119073b8713e69c4bc2a2e2cf55b85631e8241c2455cb11b0afd868d62ef43d1e94f85015f9e8af00c68b600e553f421226469c225cc7d9a242acb2873609cca101f2f29c075bbe3950c9fd35b942030a60e6f896972ce2e8340d0301f6469652476691146cfa165ae8ca65dbaa2e70934fe9a70b651b025ec41d5f48aea549b9de8beee57a3297275927cbf150f1093fbe2bf49f8a1c921fd74afd73e2bf5cf8a4d867fd74ac23e7f86a5214667f056197347c52581cc4a9373bd49b9dea241650ebe892412d124e9a726b05913725fa193a7dfcd09201c58a3ea0ab2d366a5fae940f3b6a75f564292e29fa791b450c6ff56f4f076bee5619c8d4d8e487b14eb87514bf90fcd22dd53fcd2fdc3fcd7fbafcd7fbefcd7fbefcd018eeff00340e3bdfcd0b1dcfe6818d9cda35f980d2be6efb95e4507c568a5a593c2566737ab7caefdca1b69250dc823132e356a34dc12f705000bb693c3401057497bca38667f506a7eda6990633346d1cb4134c9394aa93ae52a867487b2925779b4f0d40ad74a1185cd5a4e3a54d08721590e95ab28bd74a6539ba5f2dd5a9777d20d8ae9f4c1b1515340603ad0382e4a8c61ebac275d9ad4af3142cf3154acbae24e15ff068bc3ecd69d2e2250e58e11a8f8c3524ed8a860b6d8f722a7c2d61bb3f9a8b27d39f76de68e2b6041ea7d83e2868b7ad8d15a28f0c3561fde94bb75954f34cb09ba9adb9e115e5513f7808800956ba181c3e94250e4d625b9de8fe3ad53893dcbd0530d10a5c63651e53f0d49b9fdc3e62af308091e49fc6e9db12550ca7c373e9576a386ed5262ec54b2cb7777efe24c796adbbb3abcff8f170da64a125fe363448d9bacf306cd10f7b5d5733279a17eb2304e0fd6015254d8a083745dde46b44319165fe29c2932acbf74a19439d601745641395e8184e5416476287f2d1df28d6ab1c1149225775fe7842785492a66533fa6e5eac9beffa86e71fa4dc164360a4f02597fc1c29c25357ed502501c5af04466b10e591e94330e84d6a139015915d54ab9579fdcae2b175ce7b953d4181ebf03e3e8b6edb3e0786bda99aaa655d7ec89921bac56393e0f9a6637153592636b291945c59fe857c30a5b3e4e679a10fbf1224f57d54e0a063e3ec304b8a920781f955ae0385def53865bacfa49b9debcec0d786afc1599dd7580ea03e68369b0113b4ac1d6840489b9fef4eb0a4b0320513ad0146000418625b9c4b52db30acf8c198e3592e803f35f3a8d62b7e9b579010f8a6cc58f1b7da8a2264a692560f058f7f5b4a1c6e14bcc2e3687f9e6ba060eb40cf3360ed4bc49d2c7bd137d22643a3dd8a88385d707a115202ee464f7af048be2b244431756d5fa98b271e6af5f8b08a280bdd8c761a1589169364bf7280ca599d1b774912e10f092f3ca80e346aca77dcae5bab113dd19ebc40fb35e412aeef36718a0995cb65b1046992e1afbcd3f18bcc6bc8cbd0abe64d248081c10f3e553807c168fb99625b8f152d7bdfe428b0213349e1ee75afce421b89c6a243bb5cf35924c7f398dccd158037a913265492a1d263a7adc1c90d95a2689bd037b7bc2e167996e5fc830ae95a4a2715981e6fe2a5866704a36acb685be87bd22614801b85b7337e552a2032004b89a2284318d6011945ef474d3850b0b6ad16d99a9230c3a315360f52877d8e56e34663c5a225b3371e74a46dcdaf6a0aaa39779d51d2892636b65dcd0e0c9ca93ec4b441348964627261b54f4100cf7084b7e69a994de1e1223119c9c68a878eb848369de6c4d59c027673cc63b1532196623c4529cfcab2736d7cd1940251000b791dfd2299b619cce6c36837b541986c806104c2179cbbd0a57844114976cdab4a5551ee064f6a93e3d276ff000b72a66c7b0dbb520824ebf6ae56cb4e7fc91048c2f74d8e577851b80c580b90d38adde18fa62b34304ee259ea34965e0be55c1ec524c73542f667c53608c9efa508e11eb51f49d134a69592a2dbe5ddf4672a49c906cdd6dd5a2df78b9dd1ab56f7aac2a0f114c138b5209ea96762e1d4a010004416229509e5203ab51067427dcb1dea118d253d8f2d12c14163d60588d2a63c40a23513a61db5ad02f803ced07ec509901b062074ce9d6940080b0da7246229d7816e48c0a43aa52e208db0961274dffca8419229252cde2271137bef59253b1b262c89eb4550a246ca062d6ed7e55378c95042ead63b6b76818ac2a6a442585032510b2b45f79cf745018ce66d39c4c75a95e9b5fbc5238e412119909b38a4264426b06196b098c520e202da52046d334169b3dfa3e469a5b145d25b6b4d863aa389f4c34a19439d0840c054f42a598c9be00a60d4c785b28b3dca1dff003755a2a710593805bf8629d09344928c6e199ff14ac8f9ded4a9085cb29bd0fe95a43270c3fc530b3c8ff9ac4079796430598725d7d378e6921e57d8356817860355aa755d5f412578251688b360e3256281d41d51135101ec73de4f9a2aeb780770ec56b19171cac0ecd6f3b8197ee4cd243cadd10881722950da016f9e06db97c8d23c5b2c48198ce39d3f4af51015159b496f153b125e6000e0df8d17eb0cf5f23927157a432125ec0204a0568c134ed93f353e4549b769818a9f483b939961c53356ef8425f9b99e0726cb2d8b88a2102a5dc65348be6431e5707669520a618e44d3cab1e8b0d1f3781a8c9164397221e2a2888efeae304b917625a9b076b20012912da865d0911767f34f81172676d0bdeb7060d4f47da12783c2814a12063b3f03dc475ae077ff0014e131b7bbdaa2a5bc6d22940d7dde8e8ba6b2bdd2b871e27c1507d9c7f6b0b82c8e47302928a55cad3c4600955c0501a82dbd926e985b59abca082010ad548c526b661cc375498129b2a1f2e883c5471a1cd900042a12eb22e99b55fa5769130b26498b6b0b14683c887302366765b3b135732cd4739c21c60e30b41d964b847736e85a412331b3234cf82437784b275a188ec8ce2ca8373c2a002385c8d35c176d53b4334567104441f14ae560571b4493bfbb4378422104a12c105db74a780b6d6e38c09f14df9bc22f16cbd0e6a8c044c66c1629be3ae732056d739160974a358c3a8c2c998c2c431a5276e24d51205636b3369bc951eca0a4961906a25b44cc450afb92dbb830a712682b37d599443cd229015299e2b04de04b3a946f2cf918846b9c96406ee242b89c7d2070302b12dd84e67dd1e403a4e80bb43dfd237ec42d321d21e6285525a7ca16dc05c1133073d82e9bd06f22eddde2260a685727053cab208460be0de28a04d0abaebd8cdb3ad030e414e61ac1508509120425e27435a4720120602261f15213400b478e583b598a01f0ba4458242592746334bc00f97b70904bc98c3684cb16b8308da05217bc69bd70ca0b6b124356d2110a3413855c150cedfbc6949accea5a037f12c539a7664f9112bc59ea62a12ed8f29b02988b01995c2cac0298980a18201726a96a4c81aa5f342090e10c49b3a6b88a1235151488995b74a11868502106034684b6bac881816262918222846320e2e970d5d1ba2bd24496f6426cf5a892096b5cb42cef87416ad130e15e95b40d49be84cd21830e743a6166463e8eac0fd508f72a0c20c99b053a3274fb870c14a740cd24c53e744a1d0828cd15b0db30cc23d0f9d294f029c63ad922f132105ab059fdb0970350b5e2205a28905205ba14ad1059d6ec51fe9c39916de6ec6f79292ceaf4eb74fcd149c74a6ead4b05cda114c255a13fc3d69dfb6cf1c071ecd4ab8c4b360b8266f7a845623cc824990420d26a29025602a4c22a32b08581d2658ed4d09d08918912ce447512a28720951001aad40cc4498432461929e19a882186ed2e460846fa356c051eff0002800a1aa4756f5080b6434f80d828ef83522055879c5b72c94f3da9130961684041aef431fad27050658949d8bd21ee7466691b053d5616874e0f0774232928caec5a68ce5886343d094e4a4108f2e5777bbd0a28420f0bd83a7dc33c86dce130f294e68766351a472f34c2f16435175b0014053978306ed6e0b871c26af4709c1119cb29972eb537952acf70025d73a48d249b4cc265da1192d16a86ba892a0b4b608e94d2f30b60a7ee8ea760cfb5176aecff00b54b1d41e675293cba32538968a7200458b212bfba544ecd423cca9b616c9c291c213980411854de10cd603557248a582c9812daf49c666db2d4c73e8000175804bbafa35404158106d84092c0c25288add43bd9cd8b278abe42a14b2dd6f7f359f3b278e2d0ac330913d1f9a04f6401e66a445621cdb4a23ad0810ddc1b23bd0909dd78b4387e68b78b84099896c9989b5b5a3c9c396c127097344b94526c015a61652e58751a946230bc401b613a55f284ef197f4dbd1c7d43107c3ee16583d98be169cb504a587088f2147964f2a22139b85b5a545835202c18207a4ae51364b06622438d2e51f888008d8146637e347d91dec2e529232fb3cce3edf4223802b26a716a75a3e6511612c75c4f1a0b7676ce90cdc4279a807c990232b6ce842f01e4e290c376fa46a95996ecdb4a092f97809868ee6f3e8853b40920db42264b5175e287b28702dd29ac1121c0c1ce9532a816c7f3c7e8c93edccb44ece9b36c620bd9856d34696bf4a90bab7b1708d2f106d48fc4629421395749858a2c6121a891c48310c65217b72bd4192525b08f73e8b3360bd13e3ee3c6ace6898c91ce03e7d247924848a4725a8153a6e249ef4a10f3e754145c28d90128199631175878c7b524558adad8eafb7d254cea84add33e909d0a1d4bca1018e22753c336a1245089944dac1ad18a203d62bce25ec1846bb5150d46183254e904b4e278f4dd929840616d4a252580b0afc1de9ec9647aac1d0f7fa581111913250390a8ba832f311ead4a5272a3bca7551fd4d8a1942a1202c6595d2942961a9813b40efe868693dc7cfdd5581097b3ad396842e44797c7a08701fb13f1515f24d116a4e986ad6f9e1943b622187daa18b633e01f969a564be4587d4ec40e34989f23cd25c6e5e243dda9362021220811209609971462a0f417ed45c9186b1b6b8a30a631262f24333c1bde8d68391a63d8a56d57defd4b8215c5fc2f6a7ee0a9084b3a9150087349a898e2bb6066a6c481ba8067ccfa085c88ee7e3d104985bd43ee10a4a29c7f029cd14a44ef67e428c544a83f637b4bd291e8081bc296e8d49940137065aebbe2ca453076f67fe53324ab2fd4ef21eda286d6ea392ff157e91ab28930261060977828c7acae32311245c041784d456de7506c98998349bdea2da1147367f34fd484303be221f3488679512103bb4351e1c3682dacaf82c65a8e4413aa78ec9f4215b9f517ca7a588d77adf7136c93b9bf2a10e121364a00dccd961a3439c24b88b12e4a72a10839437e016226005cacec81634a6112fce26a4fe2dcb145621066e226162b5280789f9faca9997dc2a00cf43933e6a6560b0e2023b0cd670905e4f58034f886528e30d2330a3d82c4baca12f79852f5169a0761f8a7ea2b5df351409c9a911de8c514b3097b6272b23301789c6a9a48632209e15013a9081d498e3770a9dc677de556e804af40f490cc031bebd9f70e29b0c5ff00610519a248a6d1d01314081279d351410a9c219be40271ad00d68ce910c05a12c08e29b20687c8e8c323a966f4d51bcb2491de899e05d3ea30a603ca0be06953c39275b5b93a321670a50eec9c101bcfd0d4d118665858e226cc24eb134a12ff001e7bd3f52402578413e628a04b4c06b54e9a5b9ff9582d4892416d0b5e451e3531820259082e5b2594578ccb4c408586e2d056ea12212b0064470f458b88707d83f729002c867f68e3e8793d273681c8cd53d718a08b22c2c8e4a5320038037b1d4043a51eac2e41210d48513674cd5d6625df044b12eed69ce10dd0cbccfd4ae6367d23cae95274d4396412751ad4b4960d2a54715568d21582ba000caa875a94656e20b21a27e1c34c1e8d2041348209e3693d24c3e073092448c1b222501100b9694cf71f14881029e43c47d502921706af403bd3ad38d81572459b992d8abad23661417e99a430d090081920936c669812462e416e6583ad71da5822af769649a1aa40776a37e009ac04f589fe59a5419908eed2685b201d12d3237d27b9302a5c71986eb438fae1ee25dadea70ca39d7f1f40361af39fb9483959be698584742b2648d24bd9a609055f421031642bd1b34ee410dc1d9ac5871147b04fc88488ec9eb1ea19a15d6968936cc6259a9510a86634746fcbe90800abb55c04f04921001fa2f1ace558a2d9e883252b7881f44ac4e21100a593178832c5027bb6802524505d41369b543e6d56505ad065be67547a34c2f6704ae7122584988b202ae9c121d8bc9b3f48923679180a8947eb53ed2e5b0ed5274290c2e8c06446712b1eb756b2981bbcc59c1bfa422f95e20490b3210f8513b94b7cc52e78542fcd194a764e9e7987e6af202d135e4a7dfbad03a05d7c190a71d354c28b13ccdbbca998d7c4d3b4a00457f586a6a6942a996566d6ad0ddc4cbd1878a348c604ee89a0e45804151506de934c841aa82a6ac7faab4b24c327b5ad370e6defcd3ff1070909ce2d5ec8953d900463c9e82f50938aecf989bd9a517f44921a9779e706d2375e384e82543b949de4dde784fa84b055a71236f3a16fd45a7a3103cc72361b8ebc027d2e27c18919072143bcc473a1720759a191498a68373595fb9ea12ee1951089b234d29634cb97dcc3b91ba1519425d97ea3af3f55a6b0095760a8d5d02553071f84d5a5e6394b43452c7057367a027631d859ff0053a02d48f758c1b0d8080360f4bd14c2c8842122647b29402d8f73ae017e9c0a2093703ded43a48dc3d8d4f3a93d20a8a48a590a7b8d4b292f290ef28ab25df701367bd43620c4a638bafa4d590fcc63ba2a0557095c929e6af231ee852d63a54fbbf3da200d0e9679f02f35367702af4f9ab76f322e7650611dfbeeab8181386f1167152b5488cc06f87bd4e3e3a8b027869c03614e5715b8746b4d03bb3009911308d1420173652e381874da867d1cae6545a25337e49b725a795f71cd5da741a66a145ddaa5764be7f0a946cc2efc1043982d67fc8997747b4cbc3146b6c38002000c1ea60a4113729cb954576c042219892dd2aeaa980905cc8009d597e88d742c91d1320d128eb858907921b390947e846e023b63ecd7328b2a39cbda8205e421c5659c81c69edaca6e07406d73774047a0e00368aedb1c5b1bd25bcb2a7fbab4eae001e89c150165f28bf03c28001016034af13a352f7bcde3b94a2bd7553c0538dc0c1d9291936610dd0b49489a04bcd61ab48064e4849a610ccc8f9414298458d3c811c6a1c47ff5a47c549eb1863b6253370e49de814ca2e6e6d9a2a529dd68e234f14583f051d01507d4c7823d032061681a521605e03b0e610ecbc6a4d655dce47b53526482d99c0dc7aad84f505258191ed98e4c9c29e62ccc970908e714880923ed4d59a3b0680e796477a86ef26153b5b4c1d6c8e3cd097ad4953fc13535270a7191072e98f2a36a0d0dec857f9a910148cbb2407568577c02ed98754a93c12117382c79af2acceded38703816f49ee5905a65f40f2c05dab0dd84beee1f001a7f0c14e849646e3526cc415edbe6ad506467ce49ef561b15ca665df5a615aee6b0ea71a8fe29228e0cc4cbd0252fa75984712944d4569ceaa2644b5e7d1e7e8c2442239134a7eaa653729af935497f59a3e778484eb507086011da68f86f2fde3412b16f89f7a0609720f629f28c384d24092c2828a100a2e01bd20d518bcd284311b7d2ba66220461b683f1c75385d7661c4e1a0a567895815937822f16a820b2bc110426d34a1325202ee0902ea62a60c871199162ce134966494836012d833c28355c09310110bf168b688a8c6e3a964118462c8b719a87971faa4a6e45d2e3f7a3e18dd91ec53240c80bb095c4f4b3cad4fab2d42274fd880bba512b3408dcbb0d3471657f9a0d8fe32a0572e86eba0286da45522e4ca105f069a4cdf980e6e33c553e894ab483c8e40c9b967535a94fc4581df00e22fd70b32073af22656eaa60cfe001a66c1bd41ecb358da160431c1351df3b8e84db55c5fae9fd97032c10406e04e70da870915115d0248678473a9b10b76094d8ca6f2a9f96c94d923024b5a8d221331b0be688524b19bfd63b244004ab4312e0403e0b1e3770ac7caceeb54ca6edfeec438c8626d06c6ab63a8515e7b47571b5a740acc5b15bd929e822de3a81dcc1130ce363d7727f1877595c4869b9be455e4124e41e74bc318174a9177a8fa2574611915dee5164968880bc88d4bce7601922c84075930d4ca6c91840366ca8e6cc510dc123c429be80756f52d4604726a55c82475dcabe0245f2448242726d455d9300a6262585808a0e5712141304ea34c50664cc408059a0003beb42c184cde40f145c6d1bfd2b62e16e582f52a42ec653806dd472a8e02bc72f8748e6d1f78a4ced34328e307b1e965a22dc660980d7fed02b71a4992e7a0b9196867e9079703106c8e6989926ebd97d1819d4979e93609ce7fdc7851c26a183ee9509562b1598d9acf13a2540f72dc189c037d2ea7fa6970108381a11ae65aba685d5c8892776d3b24b0ff154e0942c0847b33241e40e50b2e026f7ecda898c61c08bb303af1ac6e78d2731286f989a43bc4733722e83834bf6ea4ab5fdc5145cc29bd02a6b8ebaca5153a13201d2141a1ecb25f2f7a588ec203e64bbd5fbf589eef4ccc3792489879a510dbe4b21c5accb7be2b3d013962f7c650634a9bd480bab1722350b421da92cc51c10b974124dd59b6067f81b958601017a8581a9a36c916e6c5f7e9592e891538f5693b34930931304ea35824ac0c008603f35485ff372f34d8afb9f729e3940142407ea69b148b882d4b5dbfa20150037d6fc74fe902a70d4c8299d15287c2044f381978a2885aca005a20449ba619de09b83626211d803a9c4a4b5e18d9f1932e8ebfc07c81b90907343900de9b2e02ec47f3410b78c1dda2c3c903f814393d507b5635fa9a0bf16b25e056213c6a9cdc0414915b8dc515627ac2cad8ae88c40806aa6cd638d0ed13d221223b27f4668499ee047de81df7032a94b8e41a5022c8405b621171a8c541f1ec801656d9518508dc103b44d81ccd284a1604751f03a9f57060e7129ec52bca90998383804072a04545032a6432b38b11ced342886c1c4561977b0eed1d24f39f134ac1e6b4417e87fdd305a4e5fcd0b2b9852a2820728de8092378929149038224894bb12496b5723a450524e16a62c2ae6542574ec0fe8dc5291002f4258616d2236299b41288666e5901c066b2195050b925006fc348cd3eae2f02e52ea019ccde936f51596e3927a992296cc81b9b7c47287368b75cac06e2549b9534f4549999e42cbd2a266c9b54c0e404c05f5a9d4092ce014d87b8d925d2006fcd46b26216109596e5a22fea5f17a8767b543b3da9932457e9f629062086528026d35081f48a2e917142468ae149132cc2525584924378875a646abb2c3763bff00a334122c1ec7e69d7182dee34df4859bf9a2f3420ece7a1cf35c5d242e518dbd2cf4adaa084a242c4d98d680bf82491126563788a936bd053cc18681a21ba77655803a565e91a1c0048a2c0655a6e280a1b70c018a94167a4371c10323622d7aba8530619021b9057951ac9ca8a7bf10a9a06d16fb1054e400e9e5216bdb18f6af2849f35e1583e6a36c1b37bb4e29a81da1ac50e65c31818139d1c52fa43975a6053952a1b2a428b58442702d8a6711fa739d183fa14132ded7607aa31c9f4615ab4444868b4d43c012d4aee390a5a198360c3092126757d742764656066dac54ceba57293b81c8297f4c893efacc23b1ad1cc9236f711392ef5a7b521d224280062d376904e8e3681d895b8cef53f61613780464c4e4c943e34f112980b6e4594debcc23cffb7bfa781055860e6850fa5d349ea74d6bc7246a079fcae142ceb3db0bcc7ad1bc3197442b1bb041c528c0228a3bb73e5580b3a5950738a307f40a0958294893904876179af45956a24d9131ae714f9f30242f0e0e44455fd21a8643091acdf36ab47012910e1351f40a17855820a61896fc6aff0021035aa50704b8d494e823c09604013046b7a84f5e4c305712d3113369d68c2824556e425484c6fa272c1978b7a7ed6770541a492722a66d04ea90375cf236a124cd7281f2d09d622ff52b7c4f25022c1b521f9a0a547e01711d11a1d2cec05286ccb34d5a555579d183fa041651b7de71525ef89c103dcecf4501001ba5bb156a096f21ae575f341c12a0ea2189fd314871b6f05939483e8e533ab1626e1570c94b4de1c1d467b14f007773d8a821bbdaf0a9594332077079a495e0040d815cbab4980a62a0196d209baa887684d81281885675176ab4a1c12ac7f3502a0d48f19a776e57de87e060f8a0f32ecf8a5f10fd70a5f9987e29ceb86756dca96a725119d9f35a8d5840816898174169571404450c9368493490447328a1ceb68bd183fa002092364a3acb2332d037bbc0a15a45e40dc476a650043d23f04f34e1864da6b13a85091790f521f2d3dacbf4b1cfbabb7a662999ddf8a00508dc4fa512a2b88990085a601b1a4de9778430c886ce97315320c4bf6fcfac3b3da92c873686c2726a1d9ed535fae5f9a9444c8e563f34d081741866c5c2b01dda41880444f6de7aa4e14108c345f02cb5c34a307f42148b9f5d7cf23a3c169327bb402e857bd196140244d929b2c23014bdd931c688a2e961d8bb8b4d4455c38977adfd549e735d1dbe944b4c48e5614279c1e28db9656c1931d66ae343018585e6974d14cbe03c54e41bb27c14fcf389f35961cd5a310725a465ae1be69ed659769b6b4bcdb0d8265cfb5241184b8942b96b4ee5e79afd96f460f5bcc21101d5a6a676463b9f7a6b5d0d025f6a88c8838b33a4874f5b8ef3f0f63cd5c1917e5ec9eaaca101d284cc01fa315fc35c4130c8b044c5f8d20c907952415a65219364d42ca35394b07161d69064994847895ee961ef5ef40d0fb7f5c291d5feb8516a44d9a14a95548bc5445b8801120bb40eb43d9410b92106650a6d35745094421366dcdc28d8a1992491bdf119a307a01171d80095a0bbca711b7aadb42dbb42437084876c09c2989d2e6458be527c71a2a9cd0d8dc7c9de3eed22ae71b17501d68420c4fa280ab01ab41d3e0590346c4ffaa496a449833ae6fa9a6946118044de199e67a38a65b211edf466322b64256490b92667a53e8a2f608b3930e13acb98ae3ce4d5a01b28ec5487365590826f695b111a50663a40f66dc094bc237a2ca401b044c3a10526b3e213646ab61ca8f72cb0310ceb26ad1a5c840c509384469b5aa0ce652d02d10583281d02c0ba0cd16f69ea019740f771a58c13598d0a75b45e8c1e91d69a0a0864b4c33d2b073a0e61e56abf665ee4f5a0ca6424eeb4f972d058b57ebf7683363576587c945780f9a5ce8c9e850dd9c621197acf4a4dc2722fc05227ea9443de8565921ba1c5cbe8f1563d02bb464d601c8229b8dcd9a2226c66902f33dab02c29d27e5140a909e5a9b3acd20e9031f1f41249d782c03937244e6345e8c3089483c92b3e9f421430b812c31278251d10ba10611e353ca1624a0b6bc531080a271ac7a5a5f73d734805d2c2c123a37cd0264f2524a500ff00e6d689f6060e0dcd08e799418bc91c261f8a5f03228398c502136c190d93e69408825cd013512e287ee9c58867df83aa475a71cee0c8f252e38c9afd539892c01fba6b511d9f0d01c5aa6931a7abefbb3022557402ade02581bd0a6e97aaa3928ab44a0ce0ba47050d966890c80b2de348e34e8cca109290f4d30b33a6ef792a1950a42200208b2b5bb6697bde541480378349dda3363a248f095829340a64e08f9a409e11417032f51493180a0288c285eb50b976e723caa84acfb382136491ad957294994e16ae0a4583d5a668b6208b18abe714ace223c19ecd2809e6dd008bf7a2c7e98253270e4d0336d1c5a4d2801d34cbcf529c2eecb36a6aa9613a2cd034ddbe97fbbc5b9dddec6bbb564be5a71c05a3b407471879d3923db9ce068b925ce17a4417911f2d1c6dc806c591da682c942ce9b62d26dcd8f45b305018db3779e38d2978d8cb78b6dc04f15f4274a98c4c8883b92e06996c9b88b00131e22b763070a31e7d153984d25baf0095e0503d00dc00f6a5ab1045808bf39ba3ea1454826ea29d21ed4d0cdc0caddb1979935296291c20c88dc7d2268995d49ea791b956e02931b4cebe261a0e970187a34fd0d30d1c523de683cf03498d5385ed47a51e189188b41d0ab1a868d5a46373ee96096974e635697a26acbcd8ea1a3b74aa43ac8f1513c892740ae386b65ebbed5788c84750ee7220ac4f0ac93a7a13d0990002529211c5999ccd0404bfaa5a9b2f9414e92a08575867925ea63854c904008130060e14715813b08cc9c1bf101bfa04e2a7ba30632c5a060d39bd2dd521128e1e5a9a8a53fc5f3d036ab47e7d09ab93666e1c4b0e251fcf2f64f6744d1b55f7c206e54ae75d69b3e9f9d77a581e6b11ecd2a5d4430e2a04501224958c165bbb4eb1f48a22309ad582f0bbfdca488e1a454fbe50540478fa80f71d8012b44215848e32e8e07569243998aaeee5e134aa408ad1cd6af1bd2c64242c0991371acfd1193d8324801a848e541e6cb2ddaccde6b5c8473eab769a156c2bf6e97d85c6dad377d64e7a9819dcd375668c19b8981dced255a2b8a11d1a32ab311180375924361fa23eb1444b254e99c3cfee94c166a4d4b90904aab001bada9e904ac39734b1417bebce906c24c44d1210b9191325321bf0091eed433bb09b2ce8eb1ad0d02a850641bad510ed285d90a70ef35fbdf726b51ce0bc34bb999f91515718408e82c50dae6c1262d0bb7c51600c18fad196f753c94042060101c8fe49f0bf0fbb12e584d4fc8d2b4a7159d64ab15b324a2135585cde962dc6ab4f59e6d198036a580111671b503e245d68868076f64185b9253c27d09796fd29b263097312e7b94e79b23cb3abb544b4d0f24a849870101d3ed670caef3fbbc687476a86b0fbd0054d180da2a7e7165241a1b939d696ca5905d3a56c0124dc68068e5612984bf5f6a72154a1ea01348f6d280e76257b6d8e7da993090580723146840d8fb6640f06cfbd8f0254c2383ad30889061992769bf6f46f583130a0f896d413c6b8a4dc79d58908c3b918f6a57f153645ce88d5e42c5e2fb1cded4e69b1291378b27fcfb4634b762ae4e6ba72fe81488a4884121a84cf4a504cb996f142eab05dbb2bbbcd5d1af2635271d3bd09490dd2de0a08d24991be719e2d598cc645082eb24f6a232e9de4653569a4521440e664964751fb04602bc0ad3478e6ae43f6694105bfa16b293240e44da97ea67a209939df8b4b019010f189c559a4884b52d01217bcb4f5e662ab8259f6520126ed351a81193a91878d4a299c7475b502601795c5ff001fc65f17acb1e959e0e66bfe52b27271501000e07f4d07d5945cca5f352bb792d3c175ae377d7fb35fecd7ed683d4d01d1d5ac076e80600e5ff95fffd9
\.


--
-- TOC entry 3428 (class 0 OID 16402)
-- Dependencies: 210
-- Data for Name: blocked; Type: TABLE DATA; Schema: public; Owner: pong
--

COPY public.blocked ("applicantId", "recipientId", "createdAt") FROM stdin;
\.


--
-- TOC entry 3429 (class 0 OID 16407)
-- Dependencies: 211
-- Data for Name: channel; Type: TABLE DATA; Schema: public; Owner: pong
--

COPY public.channel (id, "isDm", title, password, "createdAt", "ownerId") FROM stdin;
1	f	L equipe		2021-12-08 01:44:32.883044+00	\N
2	f	L equipe 2		2021-12-08 00:44:32.883044+00	\N
4	f	Anniv Pierre 2019		2019-01-08 11:57:52.883044+00	\N
5	f	Anniversaire Pierre 2020		2020-01-07 11:58:31.883044+00	\N
21	t	paul and marie	\N	2022-03-19 14:19:51.912268+00	\N
22	t	jacques and marie	\N	2022-03-19 14:25:45.622609+00	\N
\.


--
-- TOC entry 3431 (class 0 OID 16414)
-- Dependencies: 213
-- Data for Name: friendship; Type: TABLE DATA; Schema: public; Owner: pong
--

COPY public.friendship ("applicantId", "recipientId", status, "createdAt") FROM stdin;
16	15	accepted	2022-03-19 14:09:32.923661+00
17	15	pending	2022-03-19 14:13:42.907848+00
17	16	accepted	2022-03-19 14:13:49.375732+00
19	18	accepted	2022-03-19 14:19:00.473559+00
19	16	accepted	2022-03-19 14:18:47.692738+00
18	16	accepted	2022-03-19 14:19:42.353971+00
\.


--
-- TOC entry 3432 (class 0 OID 16420)
-- Dependencies: 214
-- Data for Name: game; Type: TABLE DATA; Schema: public; Owner: pong
--

COPY public.game (id, "winnerScore", "looserScore", "createdAt", "looserId", "winnerId") FROM stdin;
1	3	0	2022-01-03 18:30:41.220742+00	\N	\N
2	3	2	2022-01-03 18:30:41.220742+00	\N	\N
3	3	2	2022-01-03 18:30:41.220742+00	\N	\N
4	3	1	2022-01-03 18:30:41.220742+00	\N	\N
5	5	2	2022-03-19 14:09:17.197496+00	16	15
6	3	0	2022-03-19 14:10:37.301131+00	16	15
7	3	2	2022-03-19 14:11:31.928599+00	15	16
8	3	1	2022-03-19 14:14:23.324385+00	16	17
9	5	2	2022-03-19 14:14:49.362728+00	17	16
\.


--
-- TOC entry 3434 (class 0 OID 16426)
-- Dependencies: 216
-- Data for Name: message; Type: TABLE DATA; Schema: public; Owner: pong
--

COPY public.message (id, content, "createdAt", "channelId", "userId") FROM stdin;
27	HI	2022-03-19 14:19:54.821808+00	21	18
28	Hola	2022-03-19 14:21:27.654824+00	5	18
29		2022-03-19 14:22:09.836951+00	5	16
30		2022-03-19 14:24:58.302367+00	5	19
31	Hi	2022-03-19 14:25:49.656009+00	22	19
\.


--
-- TOC entry 3436 (class 0 OID 16433)
-- Dependencies: 218
-- Data for Name: stats; Type: TABLE DATA; Schema: public; Owner: pong
--

COPY public.stats ("userId", xp, victories, losses) FROM stdin;
15	110	2	1
16	130	2	3
17	60	1	1
18	0	0	0
19	0	0	0
\.


--
-- TOC entry 3437 (class 0 OID 16442)
-- Dependencies: 219
-- Data for Name: typeorm_metadata; Type: TABLE DATA; Schema: public; Owner: pong
--

COPY public.typeorm_metadata (type, database, schema, "table", name, value) FROM stdin;
VIEW	\N	public	\N	users_in_channel	SELECT uc."userId" AS "userId",\n\t\t\t\t\t\tuc."channelId" AS "channelId",\n\t\t\t\t\t\t(uc."userId" = c."ownerId") AS "isOwner",\n\t\t\t\t\t\t(uc."role" = 'admin') AS "isAdmin",\n\t\t\t\t\t\tuc."mutedUntil" AS mutedUntil\n\t\t\tFROM "user_channel" "uc"\n\t\t\t\tINNER JOIN "channel" AS "c" ON uc."channelId" = c."id"\n\t\t\tWHERE "hasLeft" = FALSE
\.


--
-- TOC entry 3438 (class 0 OID 16447)
-- Dependencies: 220
-- Data for Name: user; Type: TABLE DATA; Schema: public; Owner: pong
--

COPY public."user" (id, email, username, password, "createdAt", "twoFaEnabled", "twoFaSecret", "googleSub", "fortyTwoSub", "refreshToken", "googleRefreshToken", "fortyTwoRefreshToken") FROM stdin;
15	bob@bob.fr	bob	fake_user	2022-03-19 14:06:14.058681+00	f	\N	\N	\N	\N	\N	\N
16	marie@marie.fr	marie	fake_user	2022-03-19 14:08:11.357136+00	f	\N	\N	\N	\N	\N	\N
17	pierre@pierre.fr	pierre	fake_user	2022-03-19 14:13:23.477974+00	f	\N	\N	\N	\N	\N	\N
18	paul@paul.fr	paul	fake_user\n	2022-03-19 14:17:44.709868+00	f	\N	\N	\N	\N	\N	\N
19	jacques@jacques.fr	jacques	fake_user\n	2022-03-19 14:18:30.246509+00	f	\N	\N	\N	\N	\N	\N
\.


--
-- TOC entry 3439 (class 0 OID 16454)
-- Dependencies: 221
-- Data for Name: user_channel; Type: TABLE DATA; Schema: public; Owner: pong
--

COPY public.user_channel ("userId", "channelId", role, "hasLeft", "bannedUntil", "mutedUntil", "createdAt") FROM stdin;
18	21	user	f	\N	\N	2022-03-19 14:19:51.912268+00
16	21	user	f	\N	\N	2022-03-19 14:19:51.912268+00
16	5	user	f	\N	\N	2022-03-19 14:20:08.637594+00
18	5	user	f	\N	\N	2022-03-19 14:21:04.167945+00
19	5	user	f	\N	\N	2022-03-19 14:21:15.156945+00
19	22	user	f	\N	\N	2022-03-19 14:25:45.622609+00
16	22	user	f	\N	\N	2022-03-19 14:25:45.622609+00
\.


--
-- TOC entry 3450 (class 0 OID 0)
-- Dependencies: 212
-- Name: channel_id_seq; Type: SEQUENCE SET; Schema: public; Owner: pong
--

SELECT pg_catalog.setval('public.channel_id_seq', 22, true);


--
-- TOC entry 3451 (class 0 OID 0)
-- Dependencies: 215
-- Name: game_id_seq; Type: SEQUENCE SET; Schema: public; Owner: pong
--

SELECT pg_catalog.setval('public.game_id_seq', 9, true);


--
-- TOC entry 3452 (class 0 OID 0)
-- Dependencies: 217
-- Name: message_id_seq; Type: SEQUENCE SET; Schema: public; Owner: pong
--

SELECT pg_catalog.setval('public.message_id_seq', 31, true);


--
-- TOC entry 3453 (class 0 OID 0)
-- Dependencies: 222
-- Name: user_id_seq; Type: SEQUENCE SET; Schema: public; Owner: pong
--

SELECT pg_catalog.setval('public.user_id_seq', 19, true);


--
-- TOC entry 3257 (class 2606 OID 16472)
-- Name: stats PK_071bcb8dd9f9511a3880c34c385; Type: CONSTRAINT; Schema: public; Owner: pong
--

ALTER TABLE ONLY public.stats
    ADD CONSTRAINT "PK_071bcb8dd9f9511a3880c34c385" PRIMARY KEY ("userId");


--
-- TOC entry 3253 (class 2606 OID 16474)
-- Name: game PK_352a30652cd352f552fef73dec5; Type: CONSTRAINT; Schema: public; Owner: pong
--

ALTER TABLE ONLY public.game
    ADD CONSTRAINT "PK_352a30652cd352f552fef73dec5" PRIMARY KEY (id);


--
-- TOC entry 3244 (class 2606 OID 16476)
-- Name: blocked PK_544e5194f95d3a44fa407fc40e3; Type: CONSTRAINT; Schema: public; Owner: pong
--

ALTER TABLE ONLY public.blocked
    ADD CONSTRAINT "PK_544e5194f95d3a44fa407fc40e3" PRIMARY KEY ("applicantId", "recipientId");


--
-- TOC entry 3247 (class 2606 OID 16478)
-- Name: channel PK_590f33ee6ee7d76437acf362e39; Type: CONSTRAINT; Schema: public; Owner: pong
--

ALTER TABLE ONLY public.channel
    ADD CONSTRAINT "PK_590f33ee6ee7d76437acf362e39" PRIMARY KEY (id);


--
-- TOC entry 3251 (class 2606 OID 16480)
-- Name: friendship PK_62ef30a48ad5af9df3d269420c3; Type: CONSTRAINT; Schema: public; Owner: pong
--

ALTER TABLE ONLY public.friendship
    ADD CONSTRAINT "PK_62ef30a48ad5af9df3d269420c3" PRIMARY KEY ("applicantId", "recipientId");


--
-- TOC entry 3240 (class 2606 OID 16482)
-- Name: avatar PK_b6abb9e4579bb7fca4d823a5e66; Type: CONSTRAINT; Schema: public; Owner: pong
--

ALTER TABLE ONLY public.avatar
    ADD CONSTRAINT "PK_b6abb9e4579bb7fca4d823a5e66" PRIMARY KEY ("userId");


--
-- TOC entry 3255 (class 2606 OID 16484)
-- Name: message PK_ba01f0a3e0123651915008bc578; Type: CONSTRAINT; Schema: public; Owner: pong
--

ALTER TABLE ONLY public.message
    ADD CONSTRAINT "PK_ba01f0a3e0123651915008bc578" PRIMARY KEY (id);


--
-- TOC entry 3263 (class 2606 OID 16486)
-- Name: user PK_cace4a159ff9f2512dd42373760; Type: CONSTRAINT; Schema: public; Owner: pong
--

ALTER TABLE ONLY public."user"
    ADD CONSTRAINT "PK_cace4a159ff9f2512dd42373760" PRIMARY KEY (id);


--
-- TOC entry 3273 (class 2606 OID 16488)
-- Name: user_channel PK_dd2c8ff53b41e5f896d802dbe85; Type: CONSTRAINT; Schema: public; Owner: pong
--

ALTER TABLE ONLY public.user_channel
    ADD CONSTRAINT "PK_dd2c8ff53b41e5f896d802dbe85" PRIMARY KEY ("userId", "channelId");


--
-- TOC entry 3259 (class 2606 OID 16490)
-- Name: stats UQ_071bcb8dd9f9511a3880c34c385; Type: CONSTRAINT; Schema: public; Owner: pong
--

ALTER TABLE ONLY public.stats
    ADD CONSTRAINT "UQ_071bcb8dd9f9511a3880c34c385" UNIQUE ("userId");


--
-- TOC entry 3265 (class 2606 OID 16492)
-- Name: user UQ_1132e9fb7a2bb725a1fed6996c7; Type: CONSTRAINT; Schema: public; Owner: pong
--

ALTER TABLE ONLY public."user"
    ADD CONSTRAINT "UQ_1132e9fb7a2bb725a1fed6996c7" UNIQUE ("googleSub");


--
-- TOC entry 3249 (class 2606 OID 16494)
-- Name: channel UQ_5577bed8fb22d8661602fafd09b; Type: CONSTRAINT; Schema: public; Owner: pong
--

ALTER TABLE ONLY public.channel
    ADD CONSTRAINT "UQ_5577bed8fb22d8661602fafd09b" UNIQUE (title);


--
-- TOC entry 3267 (class 2606 OID 16496)
-- Name: user UQ_78a916df40e02a9deb1c4b75edb; Type: CONSTRAINT; Schema: public; Owner: pong
--

ALTER TABLE ONLY public."user"
    ADD CONSTRAINT "UQ_78a916df40e02a9deb1c4b75edb" UNIQUE (username);


--
-- TOC entry 3242 (class 2606 OID 16498)
-- Name: avatar UQ_b6abb9e4579bb7fca4d823a5e66; Type: CONSTRAINT; Schema: public; Owner: pong
--

ALTER TABLE ONLY public.avatar
    ADD CONSTRAINT "UQ_b6abb9e4579bb7fca4d823a5e66" UNIQUE ("userId");


--
-- TOC entry 3269 (class 2606 OID 16500)
-- Name: user UQ_c98a14e4b84cb502f75039aec28; Type: CONSTRAINT; Schema: public; Owner: pong
--

ALTER TABLE ONLY public."user"
    ADD CONSTRAINT "UQ_c98a14e4b84cb502f75039aec28" UNIQUE ("fortyTwoSub");


--
-- TOC entry 3271 (class 2606 OID 16502)
-- Name: user UQ_e12875dfb3b1d92d7d7c5377e22; Type: CONSTRAINT; Schema: public; Owner: pong
--

ALTER TABLE ONLY public."user"
    ADD CONSTRAINT "UQ_e12875dfb3b1d92d7d7c5377e22" UNIQUE (email);


--
-- TOC entry 3260 (class 1259 OID 16503)
-- Name: IDX_1132e9fb7a2bb725a1fed6996c; Type: INDEX; Schema: public; Owner: pong
--

CREATE INDEX "IDX_1132e9fb7a2bb725a1fed6996c" ON public."user" USING btree ("googleSub");


--
-- TOC entry 3245 (class 1259 OID 16504)
-- Name: IDX_5577bed8fb22d8661602fafd09; Type: INDEX; Schema: public; Owner: pong
--

CREATE INDEX "IDX_5577bed8fb22d8661602fafd09" ON public.channel USING btree (title);


--
-- TOC entry 3261 (class 1259 OID 16505)
-- Name: IDX_c98a14e4b84cb502f75039aec2; Type: INDEX; Schema: public; Owner: pong
--

CREATE INDEX "IDX_c98a14e4b84cb502f75039aec2" ON public."user" USING btree ("fortyTwoSub");


--
-- TOC entry 3284 (class 2606 OID 16506)
-- Name: stats FK_071bcb8dd9f9511a3880c34c385; Type: FK CONSTRAINT; Schema: public; Owner: pong
--

ALTER TABLE ONLY public.stats
    ADD CONSTRAINT "FK_071bcb8dd9f9511a3880c34c385" FOREIGN KEY ("userId") REFERENCES public."user"(id) ON DELETE CASCADE;


--
-- TOC entry 3285 (class 2606 OID 16511)
-- Name: user_channel FK_0a7960363de8a8af7253a934e67; Type: FK CONSTRAINT; Schema: public; Owner: pong
--

ALTER TABLE ONLY public.user_channel
    ADD CONSTRAINT "FK_0a7960363de8a8af7253a934e67" FOREIGN KEY ("channelId") REFERENCES public.channel(id) ON DELETE CASCADE;


--
-- TOC entry 3278 (class 2606 OID 16516)
-- Name: friendship FK_40a876257fa07c2a89b75f1b53d; Type: FK CONSTRAINT; Schema: public; Owner: pong
--

ALTER TABLE ONLY public.friendship
    ADD CONSTRAINT "FK_40a876257fa07c2a89b75f1b53d" FOREIGN KEY ("recipientId") REFERENCES public."user"(id) ON DELETE CASCADE;


--
-- TOC entry 3282 (class 2606 OID 16521)
-- Name: message FK_446251f8ceb2132af01b68eb593; Type: FK CONSTRAINT; Schema: public; Owner: pong
--

ALTER TABLE ONLY public.message
    ADD CONSTRAINT "FK_446251f8ceb2132af01b68eb593" FOREIGN KEY ("userId") REFERENCES public."user"(id) ON DELETE SET NULL;


--
-- TOC entry 3275 (class 2606 OID 16526)
-- Name: blocked FK_4843b3c73d560d25ece2c91739a; Type: FK CONSTRAINT; Schema: public; Owner: pong
--

ALTER TABLE ONLY public.blocked
    ADD CONSTRAINT "FK_4843b3c73d560d25ece2c91739a" FOREIGN KEY ("recipientId") REFERENCES public."user"(id) ON DELETE CASCADE;


--
-- TOC entry 3286 (class 2606 OID 16531)
-- Name: user_channel FK_4e2726725e7890ce4bc31e0ed4f; Type: FK CONSTRAINT; Schema: public; Owner: pong
--

ALTER TABLE ONLY public.user_channel
    ADD CONSTRAINT "FK_4e2726725e7890ce4bc31e0ed4f" FOREIGN KEY ("userId") REFERENCES public."user"(id) ON DELETE CASCADE;


--
-- TOC entry 3283 (class 2606 OID 16536)
-- Name: message FK_5fdbbcb32afcea663c2bea2954f; Type: FK CONSTRAINT; Schema: public; Owner: pong
--

ALTER TABLE ONLY public.message
    ADD CONSTRAINT "FK_5fdbbcb32afcea663c2bea2954f" FOREIGN KEY ("channelId") REFERENCES public.channel(id) ON DELETE CASCADE;


--
-- TOC entry 3279 (class 2606 OID 16541)
-- Name: friendship FK_940ce313c862033898f3523b3b9; Type: FK CONSTRAINT; Schema: public; Owner: pong
--

ALTER TABLE ONLY public.friendship
    ADD CONSTRAINT "FK_940ce313c862033898f3523b3b9" FOREIGN KEY ("applicantId") REFERENCES public."user"(id) ON DELETE CASCADE;


--
-- TOC entry 3274 (class 2606 OID 16546)
-- Name: avatar FK_b6abb9e4579bb7fca4d823a5e66; Type: FK CONSTRAINT; Schema: public; Owner: pong
--

ALTER TABLE ONLY public.avatar
    ADD CONSTRAINT "FK_b6abb9e4579bb7fca4d823a5e66" FOREIGN KEY ("userId") REFERENCES public."user"(id) ON DELETE CASCADE;


--
-- TOC entry 3276 (class 2606 OID 16551)
-- Name: blocked FK_bbcd5996b5d4ce61cb0527bb75f; Type: FK CONSTRAINT; Schema: public; Owner: pong
--

ALTER TABLE ONLY public.blocked
    ADD CONSTRAINT "FK_bbcd5996b5d4ce61cb0527bb75f" FOREIGN KEY ("applicantId") REFERENCES public."user"(id) ON DELETE CASCADE;


--
-- TOC entry 3277 (class 2606 OID 16556)
-- Name: channel FK_bdfef605fedc02f3f9d60f1bc07; Type: FK CONSTRAINT; Schema: public; Owner: pong
--

ALTER TABLE ONLY public.channel
    ADD CONSTRAINT "FK_bdfef605fedc02f3f9d60f1bc07" FOREIGN KEY ("ownerId") REFERENCES public."user"(id) ON DELETE SET NULL;


--
-- TOC entry 3280 (class 2606 OID 16561)
-- Name: game FK_c9a88636f232892a7ac8eaec0e7; Type: FK CONSTRAINT; Schema: public; Owner: pong
--

ALTER TABLE ONLY public.game
    ADD CONSTRAINT "FK_c9a88636f232892a7ac8eaec0e7" FOREIGN KEY ("looserId") REFERENCES public."user"(id) ON DELETE SET NULL;


--
-- TOC entry 3281 (class 2606 OID 16566)
-- Name: game FK_cd57acb58d1147c23da5cd09cae; Type: FK CONSTRAINT; Schema: public; Owner: pong
--

ALTER TABLE ONLY public.game
    ADD CONSTRAINT "FK_cd57acb58d1147c23da5cd09cae" FOREIGN KEY ("winnerId") REFERENCES public."user"(id) ON DELETE SET NULL;


-- Completed on 2022-03-22 02:49:56 UTC

--
-- PostgreSQL database dump complete
--

